고객ID,성별,고객지역,가입기간,총구매금액,구매횟수,평균구매금액,고객생애주기
USER_1358,남,Chicago,1.0,20483.98,297,68.96962962962962,20483.98
USER_0190,남,California,3.5833333333333335,2320.33,44,52.73477272727273,8314.515833333335
USER_0066,남,Chicago,2.75,1319.79,42,31.423571428571428,3629.4225
USER_0345,여,California,2.5,1.24,1,1.24,3.1
USER_0683,남,California,4.083333333333333,433.17,6,72.19500000000001,1768.7775
USER_0730,남,California,2.6666666666666665,495.42,35,14.154857142857143,1321.12
USER_0585,여,New York,3.8333333333333335,4787.76,58,82.54758620689655,18353.08
USER_1347,여,New Jersey,2.0,222.98999999999998,15,14.865999999999998,445.97999999999996
USER_0736,여,Chicago,3.3333333333333335,29633.75,587,50.48339011925042,98779.16666666666
USER_0541,남,California,3.5833333333333335,8318.59,199,41.80195979899498,29808.280833333338
USER_0922,남,Chicago,4.083333333333333,760.89,12,63.4075,3106.9674999999997
USER_1421,여,California,0.8333333333333334,1522.8500000000001,13,117.1423076923077,1269.0416666666667
USER_1249,여,New York,1.5833333333333333,390.31,7,55.75857142857143,617.9908333333333
USER_0906,여,Washington DC,3.3333333333333335,3444.73,52,66.24480769230769,11482.433333333334
USER_0954,여,California,2.5,1146.32,14,81.88,2865.7999999999997
USER_0025,여,New Jersey,1.1666666666666667,3999.3,44,90.89318181818182,4665.85
USER_1267,여,Chicago,2.0833333333333335,11546.15,213,54.207276995305165,24054.47916666667
USER_1277,남,Chicago,4.166666666666667,407.03999999999996,7,58.14857142857142,1696.0
USER_0337,여,Chicago,3.25,658.76,10,65.876,2140.9700000000003
USER_0344,여,Chicago,1.75,153.71,1,153.71,268.9925
USER_0281,남,Chicago,2.5,4103.48,78,52.608717948717945,10258.699999999999
USER_0351,여,Chicago,2.4166666666666665,3151.65,73,43.17328767123288,7616.487499999999
USER_1383,남,New Jersey,2.1666666666666665,206.67000000000002,5,41.334,447.785
USER_0284,여,California,3.4166666666666665,1596.52,36,44.34777777777778,5454.776666666667
USER_0867,여,California,2.0,5347.78,64,83.5590625,10695.56
USER_0783,여,Chicago,1.75,1949.6100000000001,46,42.38282608695653,3411.8175000000006
USER_0130,여,Washington DC,2.1666666666666665,140.3,2,70.15,303.98333333333335
USER_0947,남,Chicago,3.3333333333333335,2744.75,28,98.02678571428571,9149.166666666666
USER_0412,여,California,1.1666666666666667,104.74,5,20.948,122.19666666666667
USER_0484,여,California,2.3333333333333335,5209.84,79,65.9473417721519,12156.293333333333
USER_1378,여,California,1.25,3706.06,58,63.89758620689655,4632.575
USER_1382,여,California,1.5,7299.13,105,69.51552380952381,10948.695
USER_0138,여,California,2.5833333333333335,2337.29,59,39.61508474576271,6037.9991666666665
USER_0251,남,California,1.25,679.4200000000001,6,113.23666666666668,849.2750000000001
USER_1030,여,California,2.25,417.43,14,29.81642857142857,939.2175
USER_1424,남,Chicago,2.8333333333333335,1313.93,29,45.30793103448276,3722.8016666666676
USER_0349,남,Washington DC,3.8333333333333335,1475.9,33,44.724242424242426,5657.616666666667
USER_0334,여,California,3.6666666666666665,4091.27,104,39.339134615384616,15001.323333333334
USER_0895,남,New York,2.0833333333333335,3368.25,81,41.583333333333336,7017.187500000001
USER_0630,여,New Jersey,3.75,2632.75,52,50.62980769230769,9872.8125
USER_1395,남,New York,2.75,3360.58,85,39.536235294117645,9241.595
USER_0946,남,New York,4.083333333333333,2577.2,42,61.36190476190476,10523.566666666666
USER_1376,남,Washington DC,1.5833333333333333,3889.84,73,53.285479452054794,6158.913333333334
USER_1236,남,Chicago,2.8333333333333335,2192.04,45,48.711999999999996,6210.780000000001
USER_1020,여,California,2.25,321.63,5,64.326,723.6675
USER_1175,여,New York,4.083333333333333,173.3,2,86.65,707.6416666666667
USER_1389,여,Chicago,3.0,673.54,10,67.354,2020.6200000000001
USER_0595,남,Washington DC,3.5833333333333335,5072.87,71,71.44887323943662,18177.784166666668
USER_0118,여,Chicago,2.3333333333333335,31285.63,695,45.015294964028776,72999.80333333333
USER_0657,여,California,3.5,3289.5,54,60.916666666666664,11513.249999999998
USER_0147,여,California,0.6666666666666666,2680.14,46,58.26391304347826,1786.76
USER_1284,여,Chicago,4.083333333333333,40.39,4,10.0975,164.92583333333332
USER_0420,여,New York,0.5833333333333334,158.29999999999998,13,12.176923076923076,92.34166666666667
USER_0403,여,New York,0.8333333333333334,523.66,9,58.18444444444444,436.3833333333333
USER_0085,남,Chicago,1.75,1508.56,34,44.36941176470588,2639.98
USER_0786,남,New York,4.0,4448.01,57,78.03526315789475,17792.04
USER_0466,여,Chicago,3.25,494.73,9,54.97,1607.8725
USER_1377,남,New York,3.5,1149.02,28,41.03642857142857,4021.5699999999997
USER_0776,남,New York,2.0833333333333335,1220.8799999999999,43,28.39255813953488,2543.5
USER_0026,남,California,2.6666666666666665,6029.22,147,41.01510204081633,16077.920000000002
USER_1129,여,New York,1.25,926.55,16,57.909375,1158.1875
USER_0745,남,California,4.0,562.03,5,112.40599999999999,2248.12
USER_0808,여,California,1.75,1431.92,12,119.32666666666667,2505.8599999999997
USER_1438,여,California,2.1666666666666665,418.88,10,41.888,907.5733333333333
USER_0881,남,Chicago,2.4166666666666665,514.98,12,42.915,1244.5349999999999
USER_0560,남,California,0.4166666666666667,2937.84,31,94.76903225806453,1224.1000000000001
USER_0694,여,New Jersey,3.0,1216.05,27,45.038888888888884,3648.1499999999996
USER_0643,여,California,2.8333333333333335,29721.53,523,56.8289292543021,84211.00166666668
USER_0996,남,California,3.9166666666666665,6123.78,62,98.77064516129032,23984.804999999997
USER_1355,남,California,1.75,27616.21,572,48.28008741258741,48328.3675
USER_0034,여,New Jersey,0.16666666666666666,7242.83,126,57.48277777777778,1207.138333333333
USER_1224,여,New Jersey,1.0,2192.92,47,46.657872340425534,2192.92
USER_1303,여,California,2.75,455.03,8,56.87875,1251.3325
USER_1369,남,California,2.1666666666666665,582.61,9,64.73444444444445,1262.3216666666665
USER_0205,남,California,2.9166666666666665,7564.74,143,52.90027972027972,22063.825
USER_0156,남,New York,4.083333333333333,3294.19,59,55.833728813559325,13451.275833333333
USER_0288,남,New York,2.75,3932.03,79,49.77253164556962,10813.0825
USER_1337,여,New Jersey,3.75,690.5500000000001,9,76.72777777777779,2589.5625
USER_1120,여,California,1.5833333333333333,917.33,11,83.39363636363636,1452.4391666666666
USER_0913,남,New Jersey,1.0,668.06,8,83.5075,668.06
USER_0961,여,California,3.5833333333333335,3460.9900000000002,67,51.65656716417911,12401.880833333335
USER_0531,여,California,3.9166666666666665,397.13,19,20.90157894736842,1555.4258333333332
USER_0587,남,New York,4.0,2914.23,35,83.26371428571429,11656.92
USER_1015,남,California,0.16666666666666666,1722.77,30,57.425666666666665,287.1283333333333
USER_1141,여,Chicago,3.75,634.46,5,126.89200000000001,2379.2250000000004
USER_0353,여,California,0.5833333333333334,5469.27,67,81.63089552238807,3190.4075000000007
USER_1317,여,Chicago,0.5,3502.63,76,46.08723684210526,1751.315
USER_0165,남,California,4.0,3024.54,36,84.015,12098.16
USER_1260,여,California,2.9166666666666665,268.89,8,33.61125,784.2624999999999
USER_1456,남,New York,1.3333333333333333,1547.0,17,91.0,2062.6666666666665
USER_0438,여,Chicago,1.75,2319.04,22,105.41090909090909,4058.32
USER_1153,여,California,0.8333333333333334,1568.43,30,52.281,1307.025
USER_0195,여,Chicago,2.6666666666666665,975.63,14,69.68785714285714,2601.68
USER_0563,여,Chicago,2.75,29676.79,575,51.61180869565217,81611.1725
USER_1091,남,Chicago,0.9166666666666666,92.80000000000001,5,18.560000000000002,85.06666666666668
USER_0718,여,New Jersey,1.9166666666666667,3627.48,88,41.221363636363634,6952.669999999999
USER_0312,남,New York,1.9166666666666667,1159.47,34,34.10205882352941,2222.3175
USER_1406,남,California,0.5833333333333334,1505.59,28,53.771071428571425,878.2608333333334
USER_0203,남,New Jersey,0.3333333333333333,738.2099999999999,13,56.78538461538461,246.06999999999994
USER_0828,여,New York,3.4166666666666665,1561.3,24,65.05416666666666,5334.441666666666
USER_0602,남,California,2.6666666666666665,794.66,19,41.82421052631579,2119.0933333333332
USER_0340,남,California,1.9166666666666667,3882.12,100,38.8212,7440.73
USER_0427,여,Chicago,3.4166666666666665,2217.5,61,36.35245901639344,7576.458333333332
USER_1330,여,Chicago,0.6666666666666666,1086.44,18,60.357777777777784,724.2933333333333
USER_0144,여,New York,2.75,399.25,3,133.08333333333334,1097.9375
USER_0840,여,New York,2.25,886.8100000000001,14,63.34357142857143,1995.3225000000002
USER_1359,여,New York,1.0833333333333333,1195.91,17,70.34764705882354,1295.569166666667
USER_0413,여,California,0.8333333333333334,99.69,15,6.646,83.075
USER_1384,남,New York,1.0,19.59,1,19.59,19.59
USER_0391,여,New York,3.1666666666666665,755.84,12,62.98666666666667,2393.4933333333333
USER_1138,남,California,3.3333333333333335,5008.41,75,66.7788,16694.7
USER_0437,여,Chicago,1.75,2807.77,70,40.111,4913.5975
USER_0212,여,Chicago,3.75,51.35,10,5.135,192.56249999999997
USER_0033,여,California,0.9166666666666666,8203.95,128,64.093359375,7520.2875
USER_0806,여,Chicago,3.8333333333333335,8826.53,157,56.21993630573249,33835.03166666667
USER_0282,여,New York,1.8333333333333333,2661.51,49,54.316530612244904,4879.435
USER_0607,남,New York,2.0,521.78,8,65.2225,1043.56
USER_0820,남,Chicago,2.0,2300.44,28,82.15857142857143,4600.88
USER_0496,여,California,0.5,588.8199999999999,23,25.600869565217387,294.40999999999997
USER_0641,여,Chicago,0.3333333333333333,2331.75,40,58.29375,777.25
USER_1411,남,Washington DC,2.5,9517.72,163,58.39092024539877,23794.299999999996
USER_0889,여,California,4.083333333333333,1070.42,20,53.521,4370.881666666666
USER_0677,여,Washington DC,3.25,1.99,1,1.99,6.4675
USER_0953,여,New York,3.0,3748.76,63,59.50412698412699,11246.28
USER_0687,남,New Jersey,0.75,1134.0,16,70.875,850.5
USER_0498,남,Chicago,3.0833333333333335,2627.84,28,93.85142857142857,8102.506666666667
USER_1016,여,California,3.5,987.53,12,82.29416666666667,3456.355
USER_0721,여,Chicago,3.75,1191.8899999999999,17,70.11117647058823,4469.587500000001
USER_0261,여,Chicago,3.1666666666666665,219.7,5,43.94,695.7166666666666
USER_0530,여,California,0.5,312.52000000000004,4,78.13000000000001,156.26000000000002
USER_0417,여,Chicago,1.8333333333333333,1769.04,40,44.226,3243.24
USER_0882,여,Chicago,2.8333333333333335,1587.82,21,75.61047619047619,4498.823333333334
USER_1071,남,New York,3.5,571.0,9,63.44444444444444,1998.5
USER_1204,여,Washington DC,3.75,941.63,22,42.80136363636364,3531.1125000000006
USER_0751,남,New York,2.6666666666666665,756.88,16,47.305,2018.3466666666666
USER_0154,여,Washington DC,0.25,774.51,13,59.57769230769231,193.6275
USER_0791,남,Chicago,1.8333333333333333,1580.37,26,60.78346153846154,2897.345
USER_0837,남,New Jersey,1.3333333333333333,1201.99,37,32.486216216216214,1602.6533333333332
USER_0911,여,Chicago,1.3333333333333333,485.88,6,80.98,647.8399999999999
USER_1237,남,New Jersey,1.4166666666666667,1772.34,19,93.28105263157894,2510.815
USER_0856,여,Chicago,0.25,2178.82,29,75.13172413793104,544.705
USER_0447,여,California,0.9166666666666666,4157.88,88,47.248636363636365,3811.3900000000003
USER_0216,남,New Jersey,2.5,1470.8899999999999,34,43.26147058823529,3677.2249999999995
USER_1114,여,New York,0.5833333333333334,2288.44,50,45.7688,1334.9233333333334
USER_1392,남,New Jersey,0.4166666666666667,2995.73,35,85.59228571428571,1248.2208333333333
USER_0525,여,Chicago,1.5,1404.6,17,82.62352941176471,2106.9
USER_1193,남,California,1.0,1341.13,10,134.113,1341.13
USER_1007,여,California,3.25,1240.6399999999999,13,95.43384615384615,4032.0799999999995
USER_1346,여,California,1.0833333333333333,364.3,12,30.358333333333334,394.6583333333333
USER_0685,여,New York,1.6666666666666667,672.25,20,33.6125,1120.4166666666665
USER_1398,남,Washington DC,1.0,3611.32,65,55.55876923076924,3611.32
USER_0520,남,New Jersey,3.25,3068.4900000000002,50,61.369800000000005,9972.5925
USER_0860,여,Chicago,0.75,403.34,6,67.22333333333333,302.505
USER_1080,여,New York,3.1666666666666665,1595.03,19,83.94894736842105,5050.928333333333
USER_1276,남,Chicago,3.4166666666666665,161.13,2,80.565,550.5274999999999
USER_0293,여,Chicago,1.3333333333333333,2569.33,42,61.174523809523805,3425.773333333333
USER_0941,여,New York,1.5,561.68,20,28.083999999999996,842.5199999999998
USER_1316,남,Washington DC,3.0833333333333335,1651.92,41,40.29073170731707,5093.42
USER_1287,남,California,2.0833333333333335,4137.7,65,63.65692307692307,8620.208333333334
USER_0836,여,Chicago,1.75,322.86,5,64.572,565.005
USER_0221,여,California,1.75,1001.88,14,71.56285714285714,1753.29
USER_0855,남,New York,2.25,510.66,17,30.038823529411765,1148.9850000000001
USER_1282,여,California,0.75,542.73,27,20.101111111111113,407.04750000000007
USER_0675,남,California,0.5833333333333334,8824.37,170,51.908058823529416,5147.549166666668
USER_0944,남,California,0.75,1204.64,12,100.38666666666667,903.48
USER_0816,여,California,2.5,3981.18,115,34.61895652173913,9952.95
USER_0800,여,New York,0.4166666666666667,6012.9,159,37.81698113207547,2505.375
USER_1076,여,Chicago,2.1666666666666665,6236.08,67,93.07582089552238,13511.506666666666
USER_1354,여,California,1.1666666666666667,2023.8600000000001,43,47.066511627906976,2361.17
USER_1190,남,Chicago,3.5,3230.64,48,67.30499999999999,11307.239999999998
USER_0627,남,California,1.25,2682.4,29,92.49655172413793,3353.0
USER_1246,여,California,1.5833333333333333,1246.5,21,59.357142857142854,1973.6249999999998
USER_0407,여,Chicago,1.4166666666666667,1998.1299999999999,51,39.17901960784314,2830.684166666667
USER_0610,여,Chicago,2.0833333333333335,1084.15,20,54.2075,2258.645833333334
USER_0172,여,Washington DC,3.5833333333333335,2280.83,47,48.528297872340424,8172.974166666666
USER_0858,남,Chicago,1.0,9.26,2,4.63,9.26
USER_1307,여,California,2.75,396.25,17,23.308823529411764,1089.6875
USER_0733,남,Chicago,2.0833333333333335,102.14999999999999,3,34.05,212.8125
USER_0818,남,California,0.8333333333333334,1493.73,17,87.8664705882353,1244.775
USER_0394,여,New Jersey,1.8333333333333333,464.47,5,92.894,851.5283333333333
USER_0518,여,New Jersey,3.4166666666666665,1443.19,42,34.361666666666665,4930.899166666666
USER_0441,여,California,0.4166666666666667,5962.09,86,69.32662790697674,2484.204166666667
USER_1133,여,California,4.166666666666667,17.53,1,17.53,73.04166666666667
USER_0279,남,Chicago,3.5,889.48,17,52.32235294117647,3113.18
USER_1442,여,Chicago,0.4166666666666667,2445.5,44,55.57954545454545,1018.9583333333334
USER_1336,여,New York,3.75,4996.2,123,40.61951219512195,18735.75
USER_0568,여,Chicago,1.1666666666666667,1216.55,36,33.793055555555554,1419.3083333333334
USER_0182,여,New York,1.5,25.76,3,8.586666666666668,38.64000000000001
USER_0358,남,California,3.0833333333333335,6398.51,123,52.02040650406504,19728.73916666667
USER_0758,남,California,2.5,1148.55,22,52.20681818181818,2871.3749999999995
USER_0475,남,Chicago,1.3333333333333333,17.009999999999998,2,8.504999999999999,22.679999999999996
USER_0259,여,New York,2.75,437.63,11,39.78454545454545,1203.4825
USER_1072,여,New Jersey,0.4166666666666667,136.79,2,68.395,56.99583333333333
USER_1037,여,New York,2.75,823.21,8,102.90125,2263.8275000000003
USER_1459,남,New York,1.6666666666666667,3722.79,52,71.59211538461538,6204.65
USER_0556,여,Chicago,2.1666666666666665,59.83,1,59.83,129.63166666666666
USER_0225,여,California,0.3333333333333333,16.5,1,16.5,5.5
USER_0499,남,New Jersey,0.3333333333333333,2822.01,63,44.79380952380953,940.6700000000001
USER_0632,여,New Jersey,0.6666666666666666,31.33,3,10.443333333333333,20.886666666666663
USER_0682,남,California,3.8333333333333335,2275.39,39,58.34333333333333,8722.328333333333
USER_0115,남,New York,3.5,1207.03,11,109.73,4224.6050000000005
USER_0935,여,Washington DC,2.8333333333333335,1268.98,26,48.80692307692308,3595.4433333333336
USER_1279,여,New York,3.6666666666666665,243.28,13,18.713846153846156,892.0266666666666
USER_0465,여,Chicago,1.5,177.43,3,59.14333333333334,266.145
USER_1391,여,California,0.8333333333333334,2121.09,81,26.186296296296298,1767.5750000000003
USER_0555,남,California,3.3333333333333335,3075.2400000000002,76,40.46368421052632,10250.8
USER_1169,여,California,3.75,896.9,9,99.65555555555555,3363.375
USER_1240,여,California,1.0833333333333333,22.470000000000002,3,7.490000000000001,24.3425
USER_0457,여,California,2.0833333333333335,64.53,5,12.906,134.4375
USER_0170,여,New York,2.8333333333333335,1052.55,19,55.397368421052626,2982.225
USER_0097,남,Chicago,2.5,713.04,7,101.86285714285714,1782.6
USER_0582,남,California,2.1666666666666665,153.71,1,153.71,333.03833333333336
USER_0719,남,New York,3.3333333333333335,1357.85,17,79.87352941176471,4526.166666666667
USER_1454,여,New Jersey,2.3333333333333335,18.41,3,6.136666666666667,42.95666666666667
USER_0274,남,Washington DC,3.4166666666666665,2023.3,44,45.98409090909091,6912.941666666666
USER_1101,여,Washington DC,3.0833333333333335,1752.91,17,103.11235294117648,5404.805833333335
USER_0300,여,Chicago,1.5833333333333333,3265.08,31,105.32516129032258,5169.709999999999
USER_0140,여,California,1.5833333333333333,7536.72,110,68.51563636363636,11933.14
USER_1111,여,New York,2.75,541.94,10,54.194,1490.335
USER_0023,여,New York,3.0833333333333335,332.71999999999997,13,25.59384615384615,1025.8866666666668
USER_1394,여,Chicago,0.5,3190.94,48,66.47791666666667,1595.4700000000003
USER_1104,남,Chicago,1.0,5003.75,69,72.51811594202898,5003.75
USER_0559,여,New York,4.0,13.57,3,4.523333333333333,54.28
USER_0583,여,California,3.0833333333333335,3722.82,89,41.82943820224719,11478.695000000002
USER_1371,여,Chicago,3.0833333333333335,5480.5199999999995,93,58.930322580645154,16898.27
USER_0060,남,New York,4.166666666666667,272.52,9,30.279999999999998,1135.5
USER_0423,남,Chicago,3.4166666666666665,3378.14,95,35.55936842105263,11541.978333333333
USER_0183,남,Chicago,1.0833333333333333,2848.17,67,42.51,3085.5174999999995
USER_0456,여,New York,1.5,1887.57,37,51.0154054054054,2831.355
USER_1000,여,Washington DC,4.166666666666667,3369.05,59,57.10254237288136,14037.708333333336
USER_0071,남,New York,3.25,782.87,15,52.19133333333333,2544.3275000000003
USER_0903,남,New York,2.5833333333333335,443.22,12,36.935,1144.9850000000001
USER_1387,여,New Jersey,1.25,35.18,2,17.59,43.975
USER_0127,여,California,2.3333333333333335,1666.6,42,39.68095238095238,3888.733333333333
USER_1118,남,California,4.0,342.29,14,24.449285714285715,1369.16
USER_1341,남,California,0.6666666666666666,4759.1,79,60.241772151898736,3172.7333333333336
USER_0095,여,Chicago,2.75,8352.78,127,65.76992125984252,22970.145
USER_0594,남,Chicago,0.3333333333333333,3682.14,90,40.91266666666667,1227.3799999999999
USER_1390,여,New York,1.8333333333333333,3860.05,84,45.95297619047619,7076.758333333333
USER_1351,남,Chicago,1.0833333333333333,718.33,14,51.309285714285714,778.1908333333333
USER_0103,남,Chicago,3.0833333333333335,2688.06,47,57.19276595744681,8288.185000000001
USER_0755,남,Washington DC,2.0,1409.82,24,58.7425,2819.64
USER_0932,여,California,2.8333333333333335,814.97,7,116.42428571428572,2309.081666666667
USER_1180,여,New York,1.5,4919.85,77,63.89415584415585,7379.775000000001
USER_1195,여,Chicago,1.6666666666666667,5998.47,86,69.7496511627907,9997.45
USER_0131,여,Chicago,3.25,1243.28,24,51.803333333333335,4040.6600000000003
USER_0842,여,Chicago,2.0833333333333335,530.5699999999999,12,44.214166666666664,1105.3541666666667
USER_0500,남,New Jersey,0.75,2022.72,34,59.49176470588235,1517.04
USER_0640,여,California,2.0833333333333335,835.99,12,69.66583333333334,1741.6458333333335
USER_0107,여,New Jersey,4.0,1166.07,24,48.58625,4664.28
USER_1062,여,Chicago,4.0,5500.08,133,41.35398496240602,22000.32
USER_0013,여,New Jersey,0.8333333333333334,1267.07,32,39.5959375,1055.8916666666667
USER_0995,여,Chicago,1.9166666666666667,1172.49,30,39.083,2247.2725
USER_0200,여,New York,0.4166666666666667,10680.17,261,40.92019157088123,4450.070833333334
USER_0792,여,California,3.25,2043.4299999999998,31,65.91709677419354,6641.147499999999
USER_1197,남,Chicago,0.75,4080.76,64,63.761875,3060.57
USER_0773,여,Chicago,1.1666666666666667,605.47,21,28.831904761904763,706.3816666666668
USER_0830,여,Chicago,4.083333333333333,3436.41,96,35.7959375,14032.0075
USER_0202,여,New Jersey,2.0833333333333335,19074.62,366,52.11644808743169,39738.79166666667
USER_0908,여,Chicago,4.0,5137.97,141,36.439503546099296,20551.88
USER_0369,여,California,0.4166666666666667,3785.64,52,72.80076923076923,1577.3500000000001
USER_0746,여,Washington DC,2.4166666666666665,2639.55,53,49.80283018867925,6378.9125
USER_1415,여,Washington DC,1.5,5963.41,96,62.118854166666665,8945.115
USER_0666,여,California,3.0833333333333335,2218.81,35,63.394571428571425,6841.330833333333
USER_1430,여,New York,0.75,2732.21,72,37.947361111111114,2049.1575000000003
USER_0197,여,New York,3.1666666666666665,6436.73,138,46.64297101449275,20382.978333333333
USER_0952,남,New York,2.8333333333333335,3076.88,71,43.33633802816902,8717.826666666668
USER_0620,남,Chicago,1.75,7068.67,146,48.41554794520548,12370.1725
USER_1092,여,New York,0.8333333333333334,1149.49,26,44.21115384615385,957.9083333333334
USER_0940,남,Washington DC,2.0,172.93,8,21.61625,345.86
USER_1121,여,New Jersey,3.0833333333333335,6339.94,129,49.146821705426355,19548.148333333334
USER_1087,남,California,1.8333333333333333,4285.37,92,46.58010869565217,7856.511666666666
USER_0255,여,California,3.4166666666666665,1495.65,28,53.416071428571435,5110.137500000001
USER_0623,여,New York,2.6666666666666665,1763.0,30,58.766666666666666,4701.333333333333
USER_0062,여,Washington DC,1.9166666666666667,8032.07,146,55.014178082191776,15394.800833333333
USER_1150,남,Chicago,3.6666666666666665,3828.2999999999997,71,53.91971830985915,14037.099999999997
USER_0741,여,California,2.5,1698.77,35,48.53628571428571,4246.925
USER_0622,남,California,1.75,2573.18,55,46.785090909090904,4503.065
USER_0975,남,Washington DC,0.5,821.4,13,63.184615384615384,410.7
USER_1433,남,Chicago,2.0,11442.14,250,45.76856,22884.28
USER_0367,여,California,2.9166666666666665,164.99,2,82.495,481.22083333333336
USER_0299,남,New Jersey,2.5,2096.27,29,72.2851724137931,5240.675
USER_1343,여,Washington DC,0.4166666666666667,6859.15,78,87.93782051282051,2857.9791666666665
USER_0832,여,Chicago,0.16666666666666666,1789.13,38,47.082368421052635,298.18833333333333
USER_1440,여,California,2.1666666666666665,2446.33,55,44.47872727272727,5300.381666666666
USER_0713,여,California,0.5833333333333334,304.49,11,27.680909090909093,177.61916666666667
USER_1130,여,New York,1.75,970.62,23,42.20086956521739,1698.585
USER_1149,남,California,2.0,5844.07,117,49.94931623931624,11688.14
USER_0971,남,California,3.6666666666666665,6936.31,101,68.67633663366337,25433.136666666665
USER_1182,여,Chicago,2.4166666666666665,2075.5,75,27.673333333333332,5015.791666666666
USER_1142,남,California,1.9166666666666667,138.78,3,46.26,265.995
USER_0799,여,New Jersey,2.8333333333333335,6752.11,144,46.889652777777776,19130.978333333333
USER_0870,여,New York,2.75,5882.23,106,55.4927358490566,16176.1325
USER_1059,여,California,3.25,2875.69,45,63.904222222222224,9345.9925
USER_0850,여,California,0.5,12138.83,210,57.80395238095238,6069.415
USER_1361,남,Chicago,2.8333333333333335,2443.63,35,69.818,6923.618333333334
USER_0982,여,Chicago,1.6666666666666667,754.3000000000001,22,34.28636363636364,1257.1666666666667
USER_0443,여,Chicago,3.4166666666666665,1532.04,26,58.924615384615386,5234.47
USER_1365,여,Chicago,4.166666666666667,3330.82,48,69.39208333333333,13878.416666666666
USER_0990,여,Chicago,3.3333333333333335,632.22,21,30.10571428571429,2107.4000000000005
USER_0985,남,Chicago,2.5833333333333335,2497.02,57,43.80736842105263,6450.635
USER_0660,여,Chicago,3.3333333333333335,4318.84,105,41.13180952380952,14396.133333333335
USER_1242,여,California,3.0833333333333335,882.35,27,32.67962962962963,2720.579166666667
USER_0765,여,Chicago,1.4166666666666667,3413.29,87,39.233218390804595,4835.494166666666
USER_0081,남,New York,2.3333333333333335,2734.82,53,51.60037735849057,6381.246666666667
USER_0875,남,Chicago,3.6666666666666665,2731.64,38,71.88526315789473,10016.01333333333
USER_0869,남,New York,0.9166666666666666,7887.98,138,57.15927536231884,7230.648333333333
USER_0537,여,California,2.8333333333333335,3814.1,50,76.282,10806.616666666667
USER_0795,여,Chicago,2.8333333333333335,3841.88,96,40.01958333333334,10885.326666666668
USER_0189,여,Chicago,3.3333333333333335,114.60000000000001,11,10.41818181818182,382.00000000000006
USER_0874,여,California,1.75,5082.59,66,77.0089393939394,8894.532500000001
USER_0888,남,New Jersey,1.9166666666666667,1312.22,27,48.60074074074074,2515.088333333333
USER_0933,여,California,0.75,1364.85,28,48.74464285714286,1023.6375
USER_0104,여,Chicago,1.6666666666666667,4865.93,65,74.86046153846155,8109.883333333335
USER_0992,여,California,2.9166666666666665,2517.44,54,46.61925925925926,7342.533333333332
USER_0117,여,Chicago,0.75,916.84,20,45.842,687.6300000000001
USER_0779,여,New York,2.25,1735.11,40,43.37775,3903.9975
USER_0122,여,California,4.0,931.51,16,58.219375,3726.04
USER_0421,여,California,4.083333333333333,2400.0,69,34.78260869565217,9799.999999999998
USER_1393,여,Chicago,0.5833333333333334,3720.04,92,40.43521739130435,2170.0233333333335
USER_0502,남,Chicago,2.6666666666666665,2818.05,46,61.26195652173914,7514.8
USER_0313,여,New York,4.083333333333333,481.54,9,53.504444444444445,1966.2883333333332
USER_0234,남,Chicago,2.0833333333333335,13427.58,242,55.48586776859504,27974.125
USER_0897,여,California,2.6666666666666665,194.91,9,21.656666666666666,519.76
USER_1314,남,New York,0.25,2315.5,44,52.625,578.875
USER_0327,여,Washington DC,2.9166666666666665,357.82,18,19.878888888888888,1043.6416666666664
USER_0068,남,California,0.25,18.99,1,18.99,4.7475
USER_1250,여,California,1.1666666666666667,1538.85,50,30.776999999999997,1795.325
USER_0938,남,New York,0.8333333333333334,7394.91,124,59.63637096774193,6162.425
USER_1095,여,Chicago,3.9166666666666665,433.43,13,33.34076923076923,1697.6008333333334
USER_1452,여,New York,2.6666666666666665,720.0799999999999,24,30.00333333333333,1920.2133333333331
USER_0480,여,California,1.5,415.69,15,27.712666666666667,623.5350000000001
USER_0604,여,Chicago,2.5833333333333335,775.36,35,22.153142857142857,2003.0133333333335
USER_1038,여,New York,2.8333333333333335,178.35,12,14.862499999999999,505.325
USER_1311,남,Chicago,0.16666666666666666,267.9,11,24.354545454545452,44.64999999999999
USER_0133,남,California,2.6666666666666665,326.96,7,46.708571428571425,871.8933333333332
USER_0206,남,Washington DC,0.8333333333333334,226.97,5,45.394,189.14166666666665
USER_0877,여,Washington DC,2.0,315.49,4,78.8725,630.98
USER_0101,여,California,2.0833333333333335,1811.98,33,54.90848484848485,3774.9583333333335
USER_0876,남,Chicago,2.25,3650.77,64,57.04328125,8214.2325
USER_1318,여,Chicago,4.0,305.13,19,16.059473684210527,1220.52
USER_1189,여,New Jersey,1.5833333333333333,234.82,10,23.482,371.7983333333333
USER_0667,여,Chicago,1.5833333333333333,13331.97,315,42.32371428571428,21108.952499999996
USER_0880,여,Washington DC,2.0,2996.4,49,61.15102040816327,5992.8
USER_0297,여,New York,1.8333333333333333,667.75,10,66.775,1224.2083333333333
USER_0866,여,New York,3.8333333333333335,1246.62,15,83.10799999999999,4778.709999999999
USER_0450,여,New York,0.5833333333333334,2469.4,47,52.5404255319149,1440.4833333333336
USER_0735,남,California,1.0,251.97,5,50.394,251.97
USER_0634,여,Chicago,4.166666666666667,424.79,16,26.549375,1769.9583333333335
USER_0492,여,New York,1.25,1073.74,14,76.69571428571429,1342.1750000000002
USER_0035,여,New York,1.4166666666666667,3756.14,36,104.33722222222222,5321.198333333334
USER_1060,여,New York,3.3333333333333335,3266.73,60,54.4455,10889.1
USER_0670,남,California,1.4166666666666667,407.78,23,17.729565217391304,577.6883333333334
USER_0734,여,New Jersey,1.5833333333333333,1362.77,34,40.08147058823529,2157.7191666666663
USER_0590,여,Chicago,1.3333333333333333,568.71,13,43.74692307692308,758.2800000000001
USER_1108,남,Chicago,3.3333333333333335,1549.83,33,46.96454545454545,5166.099999999999
USER_0625,여,California,2.8333333333333335,883.12,18,49.062222222222225,2502.1733333333336
USER_1431,남,New York,0.25,7.19,1,7.19,1.7975
USER_1291,여,California,3.1666666666666665,2475.32,60,41.25533333333333,7838.513333333332
USER_0678,여,New York,0.5,2654.25,56,47.39732142857143,1327.125
USER_0424,여,New York,0.4166666666666667,6668.39,171,38.99643274853801,2778.4958333333334
USER_1362,여,New Jersey,4.083333333333333,2470.44,58,42.59379310344828,10087.63
USER_0227,여,California,0.6666666666666666,3621.44,63,57.483174603174604,2414.293333333333
USER_0662,여,California,0.6666666666666666,313.59,14,22.399285714285714,209.05999999999997
USER_1116,여,New York,0.8333333333333334,3515.24,65,54.080615384615385,2929.366666666667
USER_1200,남,Chicago,0.6666666666666666,3972.58,87,45.66183908045977,2648.3866666666663
USER_1140,남,New York,2.0833333333333335,4839.89,90,53.77655555555556,10083.10416666667
USER_0529,여,Chicago,3.4166666666666665,803.92,14,57.42285714285714,2746.7266666666665
USER_1061,여,New Jersey,3.75,1815.2,42,43.21904761904762,6807.000000000001
USER_0872,여,New York,3.75,1174.7,17,69.10000000000001,4405.125000000001
USER_0578,여,California,2.5,6859.05,168,40.82767857142857,17147.625
USER_1053,여,New York,2.5,2639.53,75,35.193733333333334,6598.825000000001
USER_1018,여,New York,2.8333333333333335,1967.8899999999999,51,38.58607843137255,5575.6883333333335
USER_0896,여,California,2.0833333333333335,549.17,17,32.304117647058824,1144.104166666667
USER_1315,남,Chicago,3.25,542.3199999999999,18,30.128888888888884,1762.5399999999997
USER_1042,여,Chicago,3.3333333333333335,693.97,8,86.74625,2313.2333333333336
USER_1152,여,Washington DC,2.5833333333333335,4264.91,69,61.81028985507246,11017.684166666666
USER_0748,여,California,2.6666666666666665,5650.5,115,49.13478260869565,15068.0
USER_1187,여,California,0.8333333333333334,3102.89,49,63.324285714285715,2585.741666666667
USER_1089,남,California,1.6666666666666667,770.06,19,40.52947368421052,1283.4333333333332
USER_0187,남,California,3.25,1432.92,60,23.882,4656.99
USER_1178,남,Chicago,1.0833333333333333,3446.43,72,47.86708333333333,3733.6324999999997
USER_0703,남,Chicago,2.75,5309.17,114,46.571666666666665,14600.217499999999
USER_0503,남,New York,1.25,1328.58,14,94.89857142857143,1660.725
USER_1039,여,California,1.25,371.74,9,41.30444444444444,464.67499999999995
USER_1096,여,New York,3.4166666666666665,3.18,2,1.59,10.865
USER_0931,여,California,1.6666666666666667,2.8,1,2.8,4.666666666666667
USER_0290,남,Chicago,0.5,2.8,1,2.8,1.4
USER_0295,남,New York,2.0833333333333335,1156.25,26,44.47115384615385,2408.854166666667
USER_1270,여,New Jersey,3.8333333333333335,900.66,19,47.40315789473684,3452.53
USER_1185,여,Chicago,2.5833333333333335,4911.97,119,41.277058823529416,12689.255833333336
USER_1349,남,Chicago,1.6666666666666667,975.3,33,29.554545454545455,1625.5
USER_0458,여,New York,2.4166666666666665,1749.31,52,33.64057692307692,4227.4991666666665
USER_0807,여,New Jersey,0.8333333333333334,1119.41,17,65.84764705882354,932.8416666666668
USER_1214,여,California,3.3333333333333335,986.36,22,44.834545454545456,3287.8666666666672
USER_1081,여,New York,3.75,5436.54,119,45.68521008403361,20387.024999999998
USER_0153,여,New York,1.75,68.75999999999999,4,17.189999999999998,120.32999999999998
USER_1367,남,California,4.166666666666667,588.74,16,36.79625,2453.0833333333335
USER_0309,남,California,2.1666666666666665,4386.3,82,53.49146341463415,9503.65
USER_0631,여,California,1.75,1230.99,22,55.95409090909091,2154.2325
USER_0659,여,Chicago,2.9166666666666665,1195.61,57,20.975614035087716,3487.1958333333328
USER_0396,여,Chicago,3.3333333333333335,1452.65,35,41.504285714285714,4842.166666666667
USER_1256,여,California,1.4166666666666667,1633.68,74,22.076756756756758,2314.38
USER_1160,여,California,3.0833333333333335,1481.99,53,27.962075471698114,4569.469166666667
USER_1262,여,California,4.0,539.96,11,49.08727272727273,2159.84
USER_1296,여,New York,0.5,119.0,1,119.0,59.5
USER_0819,남,California,1.8333333333333333,82.35,2,41.175,150.975
USER_0094,남,Chicago,2.25,9424.82,223,42.263766816143495,21205.845
USER_0642,남,Chicago,3.8333333333333335,2094.52,48,43.63583333333333,8028.993333333334
USER_1331,남,New Jersey,4.083333333333333,4207.74,57,73.82,17181.604999999996
USER_0914,남,Chicago,3.6666666666666665,1532.26,49,31.270612244897958,5618.286666666666
USER_1327,여,Chicago,2.3333333333333335,48.99,1,48.99,114.31000000000002
USER_0658,여,California,1.8333333333333333,176.96,5,35.392,324.4266666666667
USER_0597,남,New York,2.5,6068.02,134,45.283731343283584,15170.050000000001
USER_0348,여,California,0.5,849.02,16,53.06375,424.51
USER_0446,여,New York,1.0833333333333333,404.7,14,28.907142857142855,438.4249999999999
USER_0266,여,Chicago,2.25,4283.99,98,43.714183673469385,9638.977499999999
USER_0747,여,California,3.8333333333333335,593.52,12,49.46,2275.16
USER_1434,여,California,1.6666666666666667,1040.88,30,34.696000000000005,1734.8000000000002
USER_1263,여,New Jersey,2.5833333333333335,239.19,13,18.39923076923077,617.9075
USER_0477,여,New Jersey,3.0833333333333335,838.02,13,64.46307692307693,2583.895
USER_0311,남,Chicago,1.1666666666666667,867.73,24,36.15541666666667,1012.3516666666667
USER_0778,여,New York,1.1666666666666667,8226.91,163,50.47184049079755,9598.061666666666
USER_0581,남,New York,0.75,1026.92,15,68.46133333333334,770.19
USER_0292,여,California,1.8333333333333333,7275.18,149,48.826711409395976,13337.83
USER_0948,여,California,0.75,357.17,12,29.764166666666668,267.8775
USER_0655,남,Chicago,3.4166666666666665,1784.88,56,31.872857142857146,6098.340000000001
USER_0890,여,Chicago,2.1666666666666665,1021.7,16,63.85625,2213.6833333333334
USER_0661,여,New York,0.75,1230.13,48,25.627708333333334,922.5975000000001
USER_1312,여,New York,1.4166666666666667,3231.33,61,52.97262295081967,4577.7175
USER_0352,여,New York,1.6666666666666667,1651.75,32,51.6171875,2752.916666666667
USER_1110,여,California,1.4166666666666667,4246.9,76,55.88026315789473,6016.441666666666
USER_0920,여,New York,3.9166666666666665,801.18,8,100.1475,3137.9549999999995
USER_0356,남,Chicago,1.75,101.94,7,14.562857142857142,178.39499999999998
USER_0380,여,New York,3.3333333333333335,666.99,6,111.165,2223.3
USER_0233,여,California,0.6666666666666666,1579.77,23,68.68565217391304,1053.1799999999998
USER_0865,여,California,1.5,1874.29,44,42.5975,2811.435
USER_0699,여,California,3.4166666666666665,534.1800000000001,6,89.03000000000002,1825.1150000000002
USER_0001,남,New York,1.6666666666666667,3746.16,60,62.436,6243.6
USER_0601,여,New York,2.25,891.78,18,49.54333333333333,2006.5049999999999
USER_0964,남,Chicago,1.0833333333333333,664.4599999999999,16,41.528749999999995,719.8316666666665
USER_1248,여,New York,4.0,1502.52,37,40.608648648648646,6010.08
USER_1078,여,Chicago,1.5833333333333333,1794.77,30,59.82566666666666,2841.7191666666663
USER_0966,남,New York,1.0833333333333333,364.3,15,24.28666666666667,394.65833333333336
USER_1127,여,Chicago,2.1666666666666665,151.75,3,50.583333333333336,328.79166666666663
USER_1289,여,New York,2.0833333333333335,4289.42,99,43.327474747474746,8936.291666666666
USER_0139,여,California,3.75,2050.75,37,55.42567567567568,7690.312500000001
USER_0361,여,Chicago,2.75,798.99,7,114.14142857142858,2197.2225000000003
USER_0928,남,California,1.8333333333333333,1259.55,13,96.88846153846154,2309.175
USER_0680,남,Chicago,2.0,412.65,8,51.58125,825.3
USER_1428,여,Chicago,4.0,1257.93,18,69.885,5031.72
USER_0977,여,California,4.083333333333333,456.15999999999997,7,65.16571428571429,1862.6533333333332
USER_1368,남,New Jersey,3.3333333333333335,19.99,1,19.99,66.63333333333333
USER_0624,남,Chicago,3.4166666666666665,238.0,2,119.0,813.1666666666666
USER_1097,여,Chicago,1.8333333333333333,446.23,10,44.623000000000005,818.0883333333334
USER_0199,여,California,2.3333333333333335,1819.71,54,33.69833333333333,4245.99
USER_0254,남,California,3.8333333333333335,2322.09,46,50.48021739130435,8901.345000000001
USER_0193,여,Chicago,0.8333333333333334,6942.81,103,67.40592233009708,5785.675
USER_0102,남,Washington DC,3.0,2292.54,33,69.47090909090909,6877.62
USER_0815,여,California,0.3333333333333333,1668.52,19,87.81684210526316,556.1733333333333
USER_0010,남,California,3.1666666666666665,477.93,10,47.793,1513.4449999999997
USER_0618,여,Chicago,0.25,9432.66,143,65.96265734265734,2358.165
USER_1079,남,Washington DC,0.9166666666666666,3332.55,75,44.434000000000005,3054.8375
USER_0317,여,California,3.8333333333333335,1208.54,30,40.284666666666666,4632.736666666668
USER_0270,남,Chicago,0.16666666666666666,458.38,9,50.93111111111111,76.39666666666666
USER_1423,남,Chicago,2.8333333333333335,3120.04,63,49.52444444444444,8840.113333333335
USER_0603,여,California,2.5833333333333335,1525.19,14,108.94214285714285,3940.0741666666668
USER_1244,여,Chicago,0.25,3389.9,116,29.223275862068967,847.475
USER_0839,여,California,0.5833333333333334,1225.07,21,58.336666666666666,714.6241666666667
USER_0399,남,California,2.5,2295.61,50,45.912200000000006,5739.025000000001
USER_0370,여,New York,0.4166666666666667,1669.83,55,30.360545454545452,695.7625
USER_0029,여,Chicago,3.25,1166.18,11,106.01636363636364,3790.085
USER_0239,남,California,3.9166666666666665,1090.5,16,68.15625,4271.125
USER_0408,남,New York,4.166666666666667,1700.38,32,53.136875,7084.916666666668
USER_1323,남,New Jersey,2.4166666666666665,1358.68,28,48.52428571428572,3283.4766666666665
USER_0917,남,New York,1.1666666666666667,986.36,22,44.834545454545456,1150.7533333333336
USER_1012,여,California,3.9166666666666665,3302.14,39,84.67025641025641,12933.381666666668
USER_0648,여,New York,2.3333333333333335,409.12,10,40.912,954.6133333333335
USER_1397,남,Chicago,0.5,3294.21,89,37.01359550561798,1647.105
USER_0926,남,California,3.5833333333333335,562.37,19,29.59842105263158,2015.1591666666668
USER_0218,여,Washington DC,3.0833333333333335,1543.36,32,48.23,4758.693333333334
USER_0893,남,Chicago,0.75,171.36,5,34.272000000000006,128.52
USER_1024,남,California,2.9166666666666665,2851.37,64,44.55265625,8316.495833333332
USER_1055,남,Chicago,0.4166666666666667,3973.68,106,37.48754716981132,1655.7
USER_1106,여,New York,4.166666666666667,2654.06,45,58.97911111111111,11058.583333333334
USER_0788,남,California,1.3333333333333333,4292.84,76,56.484736842105264,5723.786666666666
USER_1412,여,New York,1.5,3087.57,66,46.781363636363636,4631.355
USER_0904,남,California,1.5833333333333333,3617.45,70,51.67785714285714,5727.629166666667
USER_1328,여,Chicago,1.0,4511.05,80,56.388125,4511.05
USER_1215,남,New Jersey,4.083333333333333,661.69,17,38.922941176470594,2701.900833333333
USER_1222,여,New York,1.0833333333333333,5352.13,161,33.24304347826087,5798.140833333333
USER_0415,남,Chicago,0.5,2469.71,41,60.23682926829268,1234.855
USER_0879,여,Chicago,3.0833333333333335,2352.31,48,49.006458333333335,7252.955833333334
USER_0950,여,New York,1.9166666666666667,345.45000000000005,12,28.787500000000005,662.1125000000002
USER_0980,남,California,1.5833333333333333,430.55,21,20.502380952380953,681.7041666666667
USER_0663,여,California,0.3333333333333333,919.98,30,30.666,306.65999999999997
USER_1183,남,Chicago,2.0833333333333335,2670.58,53,50.388301886792455,5563.708333333334
USER_1416,남,Washington DC,0.3333333333333333,1009.47,11,91.77,336.48999999999995
USER_0214,남,New Jersey,3.6666666666666665,3015.39,62,48.63532258064516,11056.429999999998
USER_1021,남,Chicago,3.25,641.56,18,35.642222222222216,2085.0699999999997
USER_0286,여,New York,3.1666666666666665,2030.6399999999999,36,56.406666666666666,6430.36
USER_0459,여,New York,0.8333333333333334,766.0600000000001,22,34.82090909090909,638.3833333333333
USER_1201,여,California,1.8333333333333333,5.58,2,2.79,10.23
USER_0483,여,Washington DC,1.5,1704.57,34,50.13441176470588,2556.855
USER_1463,여,California,0.4166666666666667,84.73,7,12.104285714285714,35.30416666666667
USER_1313,남,New York,1.25,422.65,15,28.176666666666666,528.3125
USER_1047,남,New York,2.3333333333333335,47.17,3,15.723333333333334,110.06333333333335
USER_1465,남,Chicago,2.0833333333333335,89.34,8,11.1675,186.12500000000003
USER_0124,여,Chicago,1.8333333333333333,2775.22,88,31.536590909090908,5087.903333333333
USER_0732,여,Chicago,0.16666666666666666,737.64,39,18.913846153846155,122.94000000000001
USER_1448,여,California,2.5833333333333335,2.8,1,2.8,7.233333333333333
USER_0301,여,Chicago,1.0833333333333333,1353.31,30,45.11033333333333,1466.085833333333
USER_0148,여,California,2.3333333333333335,34.15,2,17.075,79.68333333333334
USER_0656,여,New York,2.5,6266.62,146,42.92205479452055,15666.55
USER_0802,여,California,1.5,1639.47,49,33.45857142857143,2459.2050000000004
USER_0825,남,California,2.6666666666666665,1097.47,30,36.58233333333333,2926.586666666666
USER_0326,여,California,2.8333333333333335,377.63,15,25.175333333333334,1069.9516666666668
USER_1375,여,California,3.0833333333333335,5763.61,115,50.11834782608695,17771.130833333333
USER_0256,남,Chicago,0.5833333333333334,79.0,1,79.0,46.083333333333336
USER_0566,남,Chicago,1.0833333333333333,298.96000000000004,6,49.826666666666675,323.8733333333334
USER_0633,여,Chicago,3.5833333333333335,15.19,1,15.19,54.43083333333333
USER_0198,여,New York,3.75,259.18,14,18.512857142857143,971.9250000000002
USER_0215,여,Chicago,2.1666666666666665,134.39,2,67.195,291.1783333333333
USER_0303,여,New Jersey,4.0,740.6700000000001,15,49.37800000000001,2962.6800000000003
USER_0372,남,New York,2.9166666666666665,3.19,1,3.19,9.304166666666665
USER_0222,남,New York,2.8333333333333335,324.09000000000003,16,20.255625000000002,918.2550000000001
USER_0831,남,California,0.25,620.25,10,62.025,155.0625
USER_1403,여,New Jersey,2.5,1355.11,38,35.66078947368421,3387.775
USER_0744,남,California,4.0,71.59,5,14.318000000000001,286.36
USER_1221,여,California,3.0,5341.92,137,38.99211678832117,16025.76
USER_0400,여,New York,2.8333333333333335,97.41,9,10.823333333333332,275.995
USER_0898,여,Chicago,2.1666666666666665,795.25,32,24.8515625,1723.0416666666665
USER_0406,여,California,0.4166666666666667,1707.85,27,63.2537037037037,711.6041666666666
USER_0955,여,Chicago,3.0833333333333335,1039.27,21,49.48904761904762,3204.4158333333335
USER_1032,여,New York,1.5,31.94,6,5.323333333333333,47.91
USER_1050,남,New York,0.5833333333333334,3082.38,52,59.276538461538465,1798.055
USER_0902,남,New Jersey,0.8333333333333334,3225.39,50,64.5078,2687.8250000000003
USER_1306,여,New York,0.16666666666666666,189.25,11,17.204545454545453,31.541666666666664
USER_1058,여,New York,3.5,987.92,18,54.88444444444444,3457.72
USER_0470,남,New York,3.8333333333333335,2056.11,40,51.402750000000005,7881.755000000001
USER_0169,남,New York,0.75,210.32999999999998,16,13.145624999999999,157.7475
USER_0679,여,California,3.75,2922.78,27,108.25111111111111,10960.425
USER_0512,여,New York,0.25,166.0,5,33.2,41.5
USER_0163,여,New Jersey,0.3333333333333333,521.46,16,32.59125,173.82
USER_0821,남,New Jersey,1.0833333333333333,490.13,10,49.013,530.9741666666666
USER_1425,남,California,2.8333333333333335,1075.28,21,51.203809523809525,3046.6266666666666
USER_0749,여,New Jersey,2.9166666666666665,7073.96,122,57.98327868852459,20632.38333333333
USER_0039,여,California,4.083333333333333,1715.28,46,37.288695652173914,7004.06
USER_0105,여,California,0.4166666666666667,873.99,18,48.555,364.16249999999997
USER_0075,남,California,3.6666666666666665,1292.15,33,39.156060606060606,4737.883333333333
USER_1420,남,Chicago,2.0,339.28999999999996,14,24.234999999999996,678.5799999999999
USER_0096,남,Chicago,1.25,3688.61,77,47.90402597402598,4610.762500000001
USER_0121,여,Chicago,3.0833333333333335,24.99,1,24.99,77.0525
USER_0373,여,Chicago,3.6666666666666665,2345.46,33,71.07454545454546,8600.02
USER_0132,남,California,2.8333333333333335,276.34,17,16.255294117647058,782.9633333333333
USER_0273,여,New York,2.0,1177.1299999999999,19,61.954210526315784,2354.2599999999998
USER_0044,여,California,2.3333333333333335,287.92,7,41.13142857142857,671.8133333333334
USER_1360,남,Chicago,3.9166666666666665,344.98,5,68.99600000000001,1351.1716666666669
USER_1245,여,Chicago,1.3333333333333333,20.46,2,10.23,27.28
USER_0646,남,New Jersey,2.9166666666666665,237.60999999999999,17,13.977058823529411,693.0291666666667
USER_0024,여,New Jersey,3.5833333333333335,1127.2,20,56.36,4039.1333333333337
USER_0654,여,California,0.25,28.78,2,14.39,7.195
USER_0493,여,New York,0.5833333333333334,407.67,11,37.06090909090909,237.80750000000003
USER_1273,남,California,1.8333333333333333,339.34999999999997,7,48.47857142857142,622.1416666666665
USER_0639,여,Washington DC,3.3333333333333335,2015.15,32,62.9734375,6717.166666666667
USER_0515,여,New Jersey,0.8333333333333334,2848.24,31,91.87870967741935,2373.5333333333333
USER_0248,여,California,2.0,1346.75,21,64.13095238095238,2693.5
USER_0528,여,California,1.4166666666666667,227.46,10,22.746000000000002,322.235
USER_0916,여,New York,3.4166666666666665,5045.48,74,68.18216216216216,17238.72333333333
USER_1251,여,Chicago,3.0,615.0,5,123.0,1845.0
USER_1010,여,Washington DC,3.0833333333333335,3883.51,60,64.72516666666667,11974.155833333334
USER_0886,여,New York,1.0833333333333333,23.459999999999997,2,11.729999999999999,25.414999999999996
USER_0700,여,New Jersey,1.6666666666666667,59.17999999999999,2,29.589999999999996,98.63333333333333
USER_0864,남,Chicago,0.3333333333333333,3031.78,54,56.14407407407408,1010.5933333333334
USER_0209,여,New York,0.8333333333333334,5050.35,93,54.304838709677426,4208.625000000001
USER_0453,남,Chicago,2.1666666666666665,689.07,14,49.21928571428572,1492.9850000000001
USER_1322,여,Chicago,2.3333333333333335,313.48,5,62.696000000000005,731.4533333333334
USER_0725,여,Chicago,3.0833333333333335,1655.63,40,41.390750000000004,5104.859166666667
USER_0398,여,Chicago,1.0833333333333333,2903.22,52,55.83115384615384,3145.1549999999993
USER_0728,남,California,4.166666666666667,1009.06,26,38.809999999999995,4204.416666666666
USER_1399,여,Chicago,1.25,278.17,12,23.180833333333336,347.71250000000003
USER_1083,여,California,1.6666666666666667,3066.0099999999998,66,46.45469696969697,5110.016666666667
USER_1009,여,Chicago,3.75,69.94999999999999,5,13.989999999999998,262.31249999999994
USER_1350,여,Chicago,2.4166666666666665,164.89999999999998,10,16.49,398.50833333333327
USER_0184,남,Chicago,2.4166666666666665,517.23,8,64.65375,1249.9724999999999
USER_0956,남,Chicago,0.5833333333333334,2852.3,60,47.538333333333334,1663.8416666666667
USER_1308,여,New York,2.8333333333333335,216.63,17,12.742941176470588,613.785
USER_1305,남,New Jersey,1.0833333333333333,422.94,9,46.99333333333333,458.18499999999995
USER_0082,남,Chicago,2.75,14.379999999999999,2,7.1899999999999995,39.544999999999995
USER_0973,여,Chicago,2.5833333333333335,925.3199999999999,25,37.0128,2390.41
USER_0149,남,New Jersey,1.6666666666666667,2366.15,66,35.85075757575758,3943.5833333333335
USER_1220,여,California,1.75,11.2,4,2.8,19.599999999999998
USER_1457,여,California,3.0,134.99,2,67.495,404.97
USER_1004,여,Chicago,2.5833333333333335,1207.22,22,54.873636363636365,3118.651666666667
USER_1163,남,California,2.75,3926.3,63,62.32222222222222,10797.325
USER_0702,여,Chicago,3.0833333333333335,470.54,15,31.369333333333334,1450.8316666666667
USER_0516,남,New Jersey,1.5833333333333333,11.59,2,5.795,18.350833333333334
USER_0726,남,California,0.8333333333333334,567.94,21,27.044761904761906,473.28333333333336
USER_1029,남,California,4.166666666666667,44.79,1,44.79,186.625
USER_0757,남,California,0.75,44.79,1,44.79,33.5925
USER_1253,남,California,2.8333333333333335,31.35,1,31.35,88.825
USER_1388,여,New York,3.25,1949.63,40,48.740750000000006,6336.297500000001
USER_0135,남,California,2.75,4412.77,49,90.05653061224491,12135.117500000002
USER_1258,여,New Jersey,2.8333333333333335,440.19,17,25.893529411764707,1247.2050000000002
USER_1210,여,New York,1.4166666666666667,19.19,1,19.19,27.185833333333335
USER_0851,여,Chicago,2.25,912.0500000000001,23,39.65434782608696,2052.1125
USER_0268,여,Chicago,1.1666666666666667,511.0,21,24.333333333333332,596.1666666666666
USER_1321,여,New York,1.75,37.17,3,12.39,65.0475
USER_0219,여,California,4.0,218.98,3,72.99333333333333,875.9199999999998
USER_0790,여,Chicago,2.0,2974.64,41,72.55219512195121,5949.28
USER_0073,여,New York,3.0833333333333335,283.19,3,94.39666666666666,873.1691666666666
USER_0740,여,California,4.0,8.77,3,2.9233333333333333,35.08
USER_0709,남,California,3.3333333333333335,565.64,23,24.59304347826087,1885.4666666666667
USER_0805,여,California,3.25,1612.67,43,37.5039534883721,5241.177500000001
USER_0939,여,Chicago,1.8333333333333333,105.14999999999999,5,21.029999999999998,192.77499999999998
USER_1112,여,California,1.3333333333333333,1778.72,34,52.315294117647056,2371.6266666666666
USER_1285,여,California,1.9166666666666667,3312.39,44,75.28159090909091,6348.7475
USER_0592,여,Chicago,3.5,5092.8,80,63.660000000000004,17824.8
USER_0589,여,New York,4.166666666666667,4196.2,91,46.11208791208791,17484.166666666664
USER_0245,남,California,2.5,6615.86,85,77.83364705882353,16539.65
USER_0397,여,New York,1.25,1274.69,44,28.970227272727275,1593.3625000000002
USER_1274,여,Chicago,2.3333333333333335,2881.7,65,44.33384615384615,6723.966666666666
USER_0849,남,Chicago,2.75,610.09,11,55.46272727272728,1677.7475000000002
USER_1320,여,California,0.16666666666666666,770.96,8,96.37,128.49333333333334
USER_1156,남,New York,3.8333333333333335,558.77,7,79.82428571428571,2141.951666666667
USER_1353,남,California,2.6666666666666665,4609.83,112,41.15919642857143,12292.88
USER_0958,남,California,3.1666666666666665,1064.71,38,28.018684210526317,3371.5816666666665
USER_1370,남,California,1.0,1260.45,26,48.478846153846156,1260.45
USER_0177,남,New Jersey,2.6666666666666665,727.34,11,66.12181818181818,1939.5733333333333
USER_1342,여,Washington DC,2.8333333333333335,1287.37,24,53.64041666666666,3647.548333333333
USER_0111,여,California,2.3333333333333335,6147.02,62,99.14548387096775,14343.046666666669
USER_0509,남,New York,1.6666666666666667,750.41,21,35.73380952380952,1250.6833333333332
USER_0422,여,New York,2.5833333333333335,2338.06,29,80.62275862068965,6039.988333333333
USER_1379,남,New Jersey,0.5833333333333334,1053.03,40,26.32575,614.2675
USER_0834,여,Washington DC,0.3333333333333333,2640.01,41,64.39048780487805,880.0033333333332
USER_1041,여,Chicago,3.8333333333333335,96.6,11,8.781818181818181,370.3
USER_0409,남,California,2.0,779.78,26,29.99153846153846,1559.56
USER_0472,여,Chicago,0.5833333333333334,1532.51,32,47.8909375,893.9641666666668
USER_0547,남,Chicago,0.9166666666666666,1274.58,11,115.87090909090908,1168.3649999999998
USER_0915,여,New York,1.6666666666666667,607.27,7,86.75285714285714,1012.1166666666667
USER_1432,여,Chicago,3.1666666666666665,6483.36,155,41.82812903225806,20530.639999999996
USER_0905,여,California,2.8333333333333335,874.8,27,32.4,2478.6
USER_1445,여,New York,2.75,2589.39,35,73.98257142857142,7120.822499999999
USER_1418,여,Chicago,3.9166666666666665,1111.86,22,50.5390909090909,4354.784999999999
USER_0226,남,New York,1.3333333333333333,13196.14,130,101.50876923076923,17594.853333333333
USER_0174,여,California,0.4166666666666667,156.6,2,78.3,65.25
USER_0430,남,Chicago,0.9166666666666666,753.44,17,44.32,690.6533333333333
USER_0871,남,New York,2.8333333333333335,2877.62,32,89.925625,8153.256666666667
USER_0129,여,New Jersey,3.0,551.83,14,39.416428571428575,1655.49
USER_1064,여,California,0.9166666666666666,1621.18,46,35.24304347826087,1486.0816666666667
USER_0784,남,Chicago,1.8333333333333333,3648.16,113,32.284601769911504,6688.293333333333
USER_0357,여,New Jersey,2.9166666666666665,328.34000000000003,7,46.90571428571429,957.6583333333333
USER_1366,남,Chicago,1.0,2757.56,42,65.65619047619047,2757.56
USER_1186,여,New York,1.5833333333333333,6048.79,69,87.6636231884058,9577.250833333334
USER_1026,여,Chicago,0.16666666666666666,19.28,3,6.426666666666667,3.2133333333333334
USER_1098,남,California,0.5,2143.25,70,30.617857142857144,1071.625
USER_0418,여,California,1.5,3211.35,44,72.98522727272727,4817.025
USER_0698,여,Chicago,1.5833333333333333,2557.16,45,56.82577777777777,4048.836666666666
USER_1407,여,Chicago,1.3333333333333333,1759.23,40,43.98075,2345.64
USER_0519,여,California,3.5,606.18,18,33.67666666666666,2121.6299999999997
USER_0780,여,New York,3.75,2675.87,70,38.22671428571429,10034.5125
USER_1198,남,California,3.8333333333333335,1083.1200000000001,39,27.772307692307695,4151.96
USER_1117,여,New York,1.9166666666666667,6352.79,125,50.82232,12176.180833333334
USER_0442,여,California,1.0833333333333333,1707.0,51,33.470588235294116,1849.25
USER_1167,여,Chicago,2.6666666666666665,2753.57,63,43.70746031746032,7342.8533333333335
USER_0715,여,Chicago,2.3333333333333335,274.38,16,17.14875,640.22
USER_0557,남,California,3.0,2039.12,38,53.66105263157895,6117.360000000001
USER_0119,여,New York,1.0833333333333333,1351.99,52,25.99980769230769,1464.6558333333332
USER_1194,여,California,2.3333333333333335,1275.02,33,38.63696969696969,2975.0466666666666
USER_1232,여,New York,0.3333333333333333,4940.91,95,52.00957894736842,1646.9699999999996
USER_0978,남,California,1.6666666666666667,1133.03,37,30.622432432432433,1888.3833333333334
USER_0150,여,New Jersey,2.0,1.2,1,1.2,2.4
USER_1381,여,California,3.3333333333333335,1911.06,29,65.89862068965517,6370.2
USER_0901,남,California,0.4166666666666667,1477.63,24,61.56791666666667,615.6791666666667
USER_1158,여,California,1.5833333333333333,2861.75,86,33.276162790697676,4531.104166666667
USER_0330,여,Chicago,1.25,3071.88,61,50.358688524590164,3839.85
USER_0584,여,Chicago,0.3333333333333333,2276.69,44,51.742954545454545,758.8966666666666
USER_1176,남,Chicago,0.6666666666666666,2490.77,37,67.3181081081081,1660.513333333333
USER_0793,남,New York,3.3333333333333335,6319.2300000000005,90,70.21366666666667,21064.100000000002
USER_0899,여,New York,1.3333333333333333,3671.52,118,31.11457627118644,4895.36
USER_0506,여,Chicago,2.8333333333333335,781.3,23,33.9695652173913,2213.683333333333
USER_1404,여,Chicago,2.5,1537.46,40,38.4365,3843.65
USER_0395,남,California,3.1666666666666665,743.41,16,46.463125,2354.1316666666667
USER_1044,여,Chicago,2.5833333333333335,603.94,9,67.10444444444445,1560.1783333333337
USER_0769,남,Chicago,3.25,852.89,25,34.1156,2771.8925
USER_0668,여,California,2.5833333333333335,4919.06,134,36.70940298507463,12707.571666666669
USER_1386,남,New York,3.1666666666666665,696.45,18,38.69166666666667,2205.425
USER_0564,여,California,4.0,5.59,1,5.59,22.36
USER_1297,여,Chicago,1.4166666666666667,1648.38,53,31.101509433962267,2335.2050000000004
USER_0536,여,California,0.6666666666666666,6817.18,183,37.25234972677596,4544.786666666667
USER_1410,남,New Jersey,3.8333333333333335,288.55,8,36.06875,1106.1083333333333
USER_0238,남,California,4.166666666666667,4158.66,77,54.00857142857143,17327.75
USER_0057,여,Chicago,2.0833333333333335,2331.33,64,36.42703125,4856.9375
USER_0244,여,New York,4.166666666666667,131.29,12,10.940833333333332,547.0416666666666
USER_0750,남,New York,0.16666666666666666,465.15999999999997,7,66.45142857142856,77.52666666666666
USER_0827,남,California,1.3333333333333333,279.16,6,46.52666666666667,372.21333333333337
USER_0478,여,New York,1.4166666666666667,532.92,25,21.316799999999997,754.9699999999999
USER_0241,여,California,1.5,300.61,21,14.314761904761905,450.91499999999996
USER_0402,여,Chicago,4.0,2352.89,32,73.5278125,9411.56
USER_0533,여,Chicago,2.0833333333333335,382.3,14,27.307142857142857,796.4583333333334
USER_0863,남,New York,3.6666666666666665,1817.82,25,72.7128,6665.34
USER_1051,여,Washington DC,1.1666666666666667,860.37,20,43.0185,1003.7650000000001
USER_1119,여,Chicago,3.75,16.189999999999998,2,8.094999999999999,60.71249999999999
USER_1402,여,New York,1.6666666666666667,530.3199999999999,12,44.19333333333333,883.8666666666666
USER_0548,남,California,0.5,1836.17,57,32.213508771929824,918.085
USER_1219,여,New Jersey,3.3333333333333335,4282.28,122,35.10065573770492,14274.266666666668
USER_1192,여,California,0.4166666666666667,3823.46,85,44.98188235294118,1593.1083333333333
USER_1344,여,Chicago,1.1666666666666667,5752.79,119,48.342773109243694,6711.588333333333
USER_0553,여,California,3.25,1083.79,54,20.070185185185185,3522.3174999999997
USER_1063,여,California,1.5833333333333333,261.73,20,13.086500000000001,414.40583333333336
USER_1208,여,Chicago,3.25,1714.6399999999999,53,32.35169811320755,5572.58
USER_0570,남,Chicago,3.8333333333333335,1699.62,42,40.46714285714285,6515.21
USER_1295,남,New York,2.1666666666666665,12147.81,193,62.9420207253886,26320.254999999997
USER_1173,여,New Jersey,2.5833333333333335,538.98,20,26.949,1392.365
USER_1271,여,California,0.3333333333333333,29.47,6,4.911666666666666,9.82333333333333
USER_0036,남,Chicago,1.1666666666666667,1919.46,27,71.09111111111112,2239.3700000000003
USER_1207,남,Chicago,1.3333333333333333,1988.4099999999999,25,79.5364,2651.213333333333
USER_1374,여,Chicago,2.25,4182.02,94,44.48957446808511,9409.545
USER_1234,남,New Jersey,1.75,3355.59,43,78.03697674418605,5872.2825
USER_1231,남,New Jersey,2.0,562.06,8,70.2575,1124.12
USER_1396,여,California,0.9166666666666666,108.05,7,15.435714285714285,99.04583333333332
USER_0691,여,Chicago,2.4166666666666665,5366.31,80,67.07887500000001,12968.582500000002
USER_0242,여,Chicago,2.75,43.739999999999995,2,21.869999999999997,120.28499999999998
USER_0843,여,Chicago,2.0,317.78999999999996,8,39.723749999999995,635.5799999999999
USER_0540,여,New Jersey,4.0,1791.5,27,66.35185185185185,7166.0
USER_0267,여,Chicago,2.0,676.16,10,67.616,1352.32
USER_0360,여,New Jersey,3.3333333333333335,856.97,22,38.95318181818182,2856.5666666666666
USER_0392,여,Chicago,0.75,142.82,3,47.60666666666666,107.115
USER_0181,여,Chicago,4.0,1186.74,15,79.116,4746.96
USER_0454,여,Chicago,2.0,149.0,1,149.0,298.0
USER_0943,여,New York,3.6666666666666665,774.4300000000001,18,43.02388888888889,2839.576666666667
USER_0994,여,New York,3.8333333333333335,3358.63,46,73.01369565217392,12874.748333333335
USER_1422,여,New York,1.0,2061.61,36,57.26694444444445,2061.61
USER_0774,여,Chicago,1.9166666666666667,2.99,1,2.99,5.730833333333334
USER_1028,남,New York,1.25,1398.44,18,77.69111111111111,1748.0500000000002
USER_0539,여,New York,1.25,579.53,26,22.289615384615384,724.4125
USER_1437,남,California,2.3333333333333335,15.19,1,15.19,35.443333333333335
USER_0027,여,Chicago,2.6666666666666665,6.39,3,2.13,17.04
USER_1085,여,New York,1.0,31.35,1,31.35,31.35
USER_0649,남,Washington DC,2.8333333333333335,2055.02,41,50.122439024390246,5822.556666666667
USER_1146,여,New York,1.25,605.97,18,33.665,757.4625
USER_0997,남,Chicago,1.0,315.74,10,31.574,315.74
USER_0918,남,California,1.75,435.78,17,25.634117647058822,762.615
USER_0957,남,California,0.9166666666666666,347.0,3,115.66666666666667,318.0833333333333
USER_1179,여,New Jersey,1.5833333333333333,822.22,28,29.365000000000002,1301.8483333333334
USER_0416,남,New York,3.25,2254.86,48,46.97625,7328.295
USER_0635,남,California,2.25,504.56,25,20.1824,1135.26
USER_0235,여,California,0.75,1279.3400000000001,32,39.979375000000005,959.5050000000001
USER_1413,여,California,0.75,550.98,6,91.83,413.235
USER_1086,여,New York,3.3333333333333335,1209.87,15,80.65799999999999,4032.899999999999
USER_0942,남,Chicago,1.5833333333333333,884.3100000000001,36,24.56416666666667,1400.1575
USER_0006,여,New York,1.75,3965.71,91,43.57923076923077,6939.992499999999
USER_0482,남,Chicago,3.4166666666666665,7687.88,241,31.89991701244813,26266.923333333332
USER_1172,남,California,1.4166666666666667,1917.53,25,76.7012,2716.5008333333335
USER_0508,남,New Jersey,3.9166666666666665,4956.66,117,42.364615384615384,19413.585
USER_1109,여,Chicago,3.0,754.7,16,47.16875,2264.1000000000004
USER_1013,남,New Jersey,2.3333333333333335,658.04,14,47.00285714285714,1535.4266666666667
USER_1243,여,New Jersey,0.9166666666666666,3668.64,48,76.42999999999999,3362.919999999999
USER_1023,여,New York,1.5833333333333333,796.8199999999999,16,49.801249999999996,1261.6316666666664
USER_1084,여,Chicago,1.25,2259.68,55,41.08509090909091,2824.6000000000004
USER_1006,여,Chicago,2.4166666666666665,2088.68,53,39.40905660377358,5047.643333333332
USER_1332,여,California,0.5833333333333334,111.42000000000002,12,9.285000000000002,64.99500000000002
USER_0247,남,California,1.5833333333333333,340.58,5,68.116,539.2516666666667
USER_0136,남,New Jersey,1.25,729.7,12,60.80833333333334,912.125
USER_0207,남,California,2.75,1729.13,52,33.252500000000005,4755.1075
USER_0146,남,Chicago,2.6666666666666665,2164.5,58,37.31896551724138,5772.0
USER_0759,남,California,4.166666666666667,968.5799999999999,20,48.428999999999995,4035.75
USER_0371,여,New Jersey,0.3333333333333333,340.86,28,12.17357142857143,113.62
USER_0501,여,California,1.6666666666666667,1004.51,20,50.2255,1674.1833333333332
USER_0934,여,California,0.75,1465.82,38,38.57421052631579,1099.3649999999998
USER_1300,여,New York,0.9166666666666666,895.55,12,74.62916666666666,820.9208333333331
USER_0440,남,Chicago,4.0,623.12,12,51.92666666666667,2492.48
USER_0296,여,New York,1.75,794.75,27,29.435185185185187,1390.8125
USER_0320,여,New York,0.4166666666666667,426.0,15,28.4,177.5
USER_1128,여,California,0.5,197.53,12,16.460833333333333,98.765
USER_1257,남,New Jersey,1.25,752.27,9,83.58555555555556,940.3375000000001
USER_1255,여,Chicago,2.0,4118.77,73,56.42150684931507,8237.54
USER_1191,남,California,2.4166666666666665,4304.01,60,71.7335,10401.3575
USER_0145,남,New Jersey,2.8333333333333335,119.0,1,119.0,337.1666666666667
USER_0887,남,Chicago,3.6666666666666665,1000.01,29,34.48310344827586,3666.703333333333
USER_0782,여,California,3.5,102.34,6,17.05666666666667,358.19000000000005
USER_1272,남,New York,0.9166666666666666,207.32,9,23.035555555555554,190.04333333333332
USER_0287,여,California,2.75,2006.84,87,23.06712643678161,5518.81
USER_0510,여,California,1.0833333333333333,2725.47,47,57.98872340425532,2952.5924999999997
USER_0900,여,California,0.8333333333333334,764.9300000000001,20,38.246500000000005,637.4416666666668
USER_0204,여,Washington DC,0.16666666666666666,276.94,7,39.56285714285714,46.15666666666666
USER_0283,남,Chicago,3.1666666666666665,461.59,32,14.4246875,1461.7016666666666
USER_0684,여,New York,3.3333333333333335,190.57,5,38.114,635.2333333333333
USER_1144,남,California,3.9166666666666665,400.13,8,50.01625,1567.1758333333332
USER_0243,여,New York,2.9166666666666665,1633.85,35,46.68142857142857,4765.395833333332
USER_0452,여,California,1.0,309.98,4,77.495,309.98
USER_1319,여,New Jersey,0.9166666666666666,2152.64,25,86.1056,1973.2533333333333
USER_0854,여,Chicago,0.3333333333333333,366.84999999999997,16,22.928124999999998,122.28333333333332
USER_0930,여,New York,0.4166666666666667,1318.77,19,69.40894736842105,549.4875
USER_1278,남,Chicago,2.6666666666666665,1021.2,43,23.748837209302327,2723.2
USER_1414,여,California,4.0,297.61,5,59.522000000000006,1190.44
USER_0644,남,Washington DC,0.3333333333333333,383.16,17,22.538823529411765,127.72
USER_0088,남,California,1.0833333333333333,37.98,2,18.99,41.144999999999996
USER_0817,여,Chicago,0.5,499.31,20,24.9655,249.65499999999997
USER_0217,남,New York,0.3333333333333333,3129.95,61,51.31065573770491,1043.3166666666664
USER_1184,여,California,2.3333333333333335,1418.98,27,52.55481481481482,3310.953333333334
USER_0770,남,California,2.3333333333333335,1096.95,26,42.190384615384616,2559.55
USER_0676,여,California,1.8333333333333333,366.65,11,33.33181818181818,672.1916666666666
USER_0158,여,Chicago,1.75,294.14,17,17.30235294117647,514.745
USER_0835,여,Chicago,3.3333333333333335,3744.76,99,37.82585858585859,12482.533333333335
USER_1400,남,New York,3.9166666666666665,485.59000000000003,15,32.37266666666667,1901.8941666666667
USER_0729,여,New York,0.25,496.74,19,26.14421052631579,124.185
USER_1335,여,California,3.1666666666666665,79.0,1,79.0,250.16666666666666
USER_0812,남,Washington DC,1.5833333333333333,929.82,50,18.596400000000003,1472.2150000000001
USER_0064,여,New Jersey,0.8333333333333334,3006.38,67,44.87134328358209,2505.316666666667
USER_1147,여,Washington DC,2.4166666666666665,46.97,3,15.656666666666666,113.51083333333332
USER_0366,여,New York,3.1666666666666665,16.99,1,16.99,53.80166666666666
USER_1301,여,Chicago,1.4166666666666667,15.99,1,15.99,22.6525
USER_0253,여,Washington DC,1.0,15.39,1,15.39,15.39
USER_1352,여,Chicago,2.9166666666666665,40.97,3,13.656666666666666,119.49583333333331
USER_0823,남,New York,0.8333333333333334,4.98,2,2.49,4.15
USER_1177,여,New York,3.5,1526.2,38,40.16315789473684,5341.7
USER_1264,여,Chicago,0.5833333333333334,253.01,10,25.301,147.58916666666667
USER_1034,여,California,2.5833333333333335,449.74,9,49.971111111111114,1161.8283333333334
USER_0265,여,Chicago,1.4166666666666667,681.08,14,48.64857142857143,964.8633333333335
USER_0383,여,New York,2.5833333333333335,725.52,12,60.46,1874.26
USER_1136,여,California,1.5,967.15,32,30.2234375,1450.725
USER_0720,여,California,0.16666666666666666,178.12,12,14.843333333333334,29.686666666666667
USER_1134,여,New York,1.0833333333333333,219.02,6,36.50333333333334,237.27166666666665
USER_0775,여,New York,1.5,73.76,8,9.22,110.64000000000001
USER_0910,여,California,1.25,326.55,15,21.77,408.1875
USER_0628,여,California,4.166666666666667,1623.19,19,85.43105263157895,6763.291666666667
USER_1045,여,Chicago,4.0,2206.09,52,42.424807692307695,8824.36
USER_1131,여,Chicago,0.4166666666666667,2025.84,33,61.3890909090909,844.1
USER_1052,여,California,1.5,2129.45,60,35.49083333333333,3194.1749999999993
USER_0998,여,New York,1.0833333333333333,1639.38,40,40.984500000000004,1775.9950000000001
USER_0507,여,New Jersey,0.5833333333333334,160.17000000000002,8,20.021250000000002,93.43250000000002
USER_0797,여,Chicago,3.4166666666666665,1171.25,22,53.23863636363637,4001.7708333333335
USER_0173,남,California,1.9166666666666667,58.27,6,9.711666666666668,111.6841666666667
USER_1069,남,New York,1.3333333333333333,2148.39,47,45.71042553191489,2864.52
USER_0636,남,New York,1.0,639.31,13,49.177692307692304,639.31
USER_1067,여,California,0.75,655.82,30,21.860666666666667,491.86499999999995
USER_1170,남,California,0.4166666666666667,364.06,16,22.75375,151.69166666666666
USER_0151,여,New Jersey,1.9166666666666667,1117.09,17,65.71117647058823,2141.0891666666666
USER_0760,여,New Jersey,3.1666666666666665,1570.84,24,65.45166666666667,4974.326666666667
USER_0567,여,New Jersey,3.4166666666666665,643.88,16,40.2425,2199.923333333333
USER_0756,여,California,0.8333333333333334,6142.72,138,44.51246376811594,5118.933333333334
USER_0485,여,New Jersey,4.083333333333333,619.07,22,28.139545454545456,2527.8691666666664
USER_1205,남,California,0.25,904.5600000000001,12,75.38000000000001,226.14000000000004
USER_0591,남,New York,3.75,1712.63,37,46.2872972972973,6422.3625
USER_0690,여,New Jersey,3.5833333333333335,2597.21,56,46.378750000000004,9306.669166666668
USER_1334,여,New York,3.5,1583.74,51,31.05372549019608,5543.09
USER_0968,여,Chicago,3.6666666666666665,1613.31,21,76.82428571428571,5915.469999999999
USER_0813,남,Chicago,4.0,849.76,31,27.411612903225805,3399.04
USER_0846,여,Chicago,2.3333333333333335,1454.97,25,58.1988,3394.9300000000003
USER_1025,남,California,4.083333333333333,1408.34,21,67.06380952380952,5750.721666666667
USER_0304,여,California,1.6666666666666667,1847.3,52,35.525,3078.8333333333335
USER_1286,남,Chicago,2.5,3013.2799999999997,44,68.48363636363636,7533.200000000001
USER_0612,남,Chicago,3.3333333333333335,28.78,2,14.39,95.93333333333334
USER_0841,남,Washington DC,2.1666666666666665,54.6,4,13.65,118.3
USER_0495,여,Chicago,3.3333333333333335,148.46,4,37.115,494.86666666666673
USER_1444,남,New York,1.5833333333333333,993.4499999999999,33,30.104545454545452,1572.9624999999996
USER_0753,남,California,3.0833333333333335,495.34999999999997,8,61.918749999999996,1527.3291666666667
USER_0598,남,Chicago,3.8333333333333335,1561.92,33,47.330909090909095,5987.360000000001
USER_0960,남,New York,2.0,478.78999999999996,16,29.924374999999998,957.5799999999999
USER_1453,남,Washington DC,3.6666666666666665,2861.09,60,47.68483333333334,10490.663333333334
USER_0789,여,California,1.9166666666666667,3653.54,50,73.0708,7002.618333333334
USER_1088,여,Chicago,2.5833333333333335,2382.18,20,119.109,6153.965
USER_1048,남,California,3.5833333333333335,3846.68,57,67.48561403508772,13783.936666666666
USER_0490,남,California,3.4166666666666665,2100.17,42,50.00404761904762,7175.5808333333325
USER_1124,여,Chicago,0.75,676.93,19,35.6278947368421,507.69749999999993
USER_0571,여,Washington DC,0.3333333333333333,550.37,18,30.57611111111111,183.45666666666665
USER_0704,여,Chicago,3.75,53.769999999999996,4,13.442499999999999,201.6375
USER_0460,여,California,1.5833333333333333,849.35,11,77.21363636363637,1344.8041666666666
USER_0379,여,California,3.25,631.16,18,35.06444444444444,2051.2699999999995
USER_1464,남,New York,3.5833333333333335,1114.8899999999999,40,27.872249999999998,3995.0225
USER_1356,남,Chicago,2.0833333333333335,92.26,13,7.096923076923077,192.20833333333337
USER_1239,남,Chicago,0.5,4858.62,62,78.36483870967741,2429.31
USER_0002,남,California,3.25,336.52,23,14.631304347826086,1093.69
USER_0653,여,New York,0.3333333333333333,3293.41,50,65.8682,1097.8033333333333
USER_0180,여,California,3.0833333333333335,4241.46,72,58.909166666666664,13077.835000000001
USER_0552,남,Chicago,3.3333333333333335,1447.1,22,65.77727272727272,4823.666666666666
USER_0160,여,New York,3.6666666666666665,19.38,2,9.69,71.05999999999999
USER_0323,여,Chicago,4.083333333333333,981.34,20,49.067,4007.138333333333
USER_0058,남,Chicago,3.4166666666666665,940.88,10,94.088,3214.6733333333327
USER_0128,여,Chicago,1.5833333333333333,2868.95,56,51.231249999999996,4542.504166666666
USER_0608,여,Chicago,2.1666666666666665,3985.76,59,67.55525423728814,8635.813333333334
USER_0844,남,California,1.5833333333333333,1232.98,12,102.74833333333333,1952.2183333333332
USER_0019,여,California,3.0833333333333335,1147.08,30,38.236,3536.83
USER_1213,여,New York,0.8333333333333334,5661.55,85,66.6064705882353,4717.958333333334
USER_1054,여,Chicago,2.8333333333333335,12.99,1,12.99,36.805
USER_0108,남,Chicago,2.0833333333333335,1247.36,25,49.8944,2598.666666666667
USER_0707,남,New Jersey,2.4166666666666665,279.93,9,31.103333333333335,676.4975
USER_1372,남,New York,3.0833333333333335,494.71,18,27.483888888888888,1525.3558333333335
USER_1137,여,Chicago,0.25,749.43,13,57.64846153846153,187.3575
USER_0692,여,Chicago,2.5,288.3,4,72.075,720.75
USER_0405,남,California,3.4166666666666665,1158.76,39,29.711794871794872,3959.0966666666664
USER_0188,남,California,4.166666666666667,488.0,11,44.36363636363637,2033.3333333333335
USER_0098,여,California,0.5833333333333334,724.62,15,48.308,422.69500000000005
USER_0376,여,New Jersey,0.5,5704.63,71,80.3469014084507,2852.315
USER_0439,남,California,2.4166666666666665,3960.68,70,56.58114285714286,9571.643333333333
USER_0100,여,New Jersey,3.75,1318.6,30,43.95333333333333,4944.75
USER_1102,남,New York,2.25,1903.57,30,63.45233333333333,4283.032499999999
USER_1380,여,New York,2.4166666666666665,768.89,31,24.80290322580645,1858.1508333333331
USER_0089,여,California,2.6666666666666665,4962.99,74,67.06743243243243,13234.64
USER_0527,여,Washington DC,0.8333333333333334,2374.41,70,33.92014285714286,1978.675
USER_1226,여,Chicago,0.5,3357.23,42,79.93404761904762,1678.615
USER_1049,남,New York,2.5833333333333335,5647.28,87,64.91126436781609,14588.806666666667
USER_1460,여,Washington DC,0.4166666666666667,4779.56,55,86.90109090909091,1991.4833333333333
USER_1223,남,New York,2.6666666666666665,616.92,17,36.28941176470588,1645.12
USER_1462,남,California,3.75,49.56,4,12.39,185.85000000000002
USER_0936,남,Chicago,2.4166666666666665,979.98,10,97.998,2368.285
USER_0008,여,California,2.25,5060.61,77,65.72220779220778,11386.372499999998
USER_0572,남,California,3.75,15579.78,290,53.72337931034483,58424.175
USER_0164,여,California,3.5833333333333335,627.86,14,44.847142857142856,2249.831666666667
USER_0737,여,Chicago,3.9166666666666665,413.06,17,24.29764705882353,1617.8183333333332
USER_0428,남,New York,2.6666666666666665,3828.23,59,64.88525423728814,10208.613333333333
USER_0431,남,Chicago,1.9166666666666667,477.65999999999997,7,68.23714285714286,915.5150000000001
USER_0210,여,New York,1.6666666666666667,119.0,1,119.0,198.33333333333334
USER_1181,여,Chicago,2.4166666666666665,347.0,3,115.66666666666667,838.5833333333333
USER_0185,여,New York,1.25,128.57,6,21.42833333333333,160.71249999999998
USER_1299,남,California,2.0833333333333335,1322.56,15,88.17066666666666,2755.3333333333335
USER_1159,여,New Jersey,1.9166666666666667,92.59,2,46.295,177.46416666666667
USER_0433,남,California,0.6666666666666666,15.19,1,15.19,10.126666666666665
USER_0787,여,New York,1.75,1621.2,27,60.044444444444444,2837.1000000000004
USER_1427,여,New York,0.5,890.34,16,55.64625,445.17
USER_0771,여,New York,0.3333333333333333,3307.73,58,57.0298275862069,1102.5766666666666
USER_0665,남,New York,0.16666666666666666,3718.4,82,45.34634146341463,619.7333333333332
USER_0022,남,New York,0.75,576.93,16,36.058125,432.6975
USER_0093,남,New York,2.25,192.18,5,38.436,432.405
USER_0708,남,Chicago,1.3333333333333333,51.650000000000006,3,17.21666666666667,68.86666666666667
USER_1209,여,California,0.75,154.56,9,17.173333333333332,115.91999999999999
USER_0599,여,New Jersey,1.75,71.42,8,8.9275,124.985
USER_0186,여,New York,2.9166666666666665,9.99,1,9.99,29.1375
USER_0959,여,Chicago,3.0833333333333335,2548.98,54,47.20333333333333,7859.3550000000005
USER_0291,남,Washington DC,0.5,254.94,11,23.176363636363636,127.47
USER_0050,여,New York,2.3333333333333335,311.43,16,19.464375,726.6700000000001
USER_1241,여,California,3.75,1087.18,37,29.383243243243246,4076.925
USER_1290,여,New York,1.8333333333333333,557.98,26,21.46076923076923,1022.9633333333333
USER_0393,여,Chicago,1.3333333333333333,7.2,1,7.2,9.6
USER_0543,여,Chicago,2.5,482.23,10,48.223,1205.575
USER_0112,여,California,2.25,60.959999999999994,4,15.239999999999998,137.16
USER_0647,여,California,1.5,18.99,1,18.99,28.485
USER_1196,여,California,2.3333333333333335,1744.87,16,109.054375,4071.3633333333332
USER_0542,여,Chicago,3.6666666666666665,1277.25,23,55.53260869565217,4683.249999999999
USER_0009,남,New York,2.6666666666666665,3078.59,69,44.61724637681159,8209.573333333334
USER_0796,여,New York,2.1666666666666665,79.0,1,79.0,171.16666666666666
USER_0803,남,Chicago,0.5,134.6,3,44.86666666666667,67.3
USER_0388,여,New Jersey,0.9166666666666666,111.15,7,15.87857142857143,101.8875
USER_0363,남,California,1.1666666666666667,121.15,9,13.461111111111112,141.3416666666667
USER_0067,여,New Jersey,0.3333333333333333,2434.05,74,32.89256756756757,811.3499999999999
USER_0231,여,Chicago,2.5833333333333335,493.44,13,37.956923076923076,1274.72
USER_0260,남,California,1.0,381.46,21,18.164761904761903,381.46
USER_0264,남,California,3.5,272.53,17,16.031176470588235,953.855
USER_1099,여,California,0.25,1510.29,28,53.93892857142857,377.5725
USER_0963,여,California,1.6666666666666667,595.94,11,54.17636363636364,993.2333333333333
USER_0168,여,Chicago,3.6666666666666665,658.8,31,21.251612903225805,2415.5999999999995
USER_0524,여,Chicago,3.5,5813.39,59,98.53203389830509,20346.864999999998
USER_0278,남,California,3.3333333333333335,223.92,8,27.99,746.4
USER_0332,남,Washington DC,2.8333333333333335,3977.7999999999997,91,43.71208791208791,11270.433333333332
USER_0040,여,New York,3.25,495.05,14,35.36071428571429,1608.9125000000001
USER_0693,남,New York,2.3333333333333335,359.22,16,22.45125,838.1800000000001
USER_1259,여,Chicago,3.9166666666666665,640.96,8,80.12,2510.4266666666667
USER_0596,여,New York,2.75,285.96,10,28.595999999999997,786.39
USER_0461,여,New York,3.25,615.93,18,34.218333333333334,2001.7725
USER_0551,여,California,2.0833333333333335,482.67,23,20.985652173913046,1005.5625000000001
USER_0250,남,Chicago,3.1666666666666665,142.12,16,8.8825,450.0466666666667
USER_1238,여,New York,0.16666666666666666,1731.83,17,101.87235294117647,288.6383333333333
USER_0065,여,Chicago,0.6666666666666666,3460.15,76,45.52828947368421,2306.7666666666664
USER_0861,남,New York,0.5,134.08,7,19.154285714285717,67.04
USER_0925,여,Chicago,1.3333333333333333,488.75,10,48.875,651.6666666666665
USER_0324,여,New York,1.8333333333333333,901.6800000000001,8,112.71000000000001,1653.0800000000002
USER_1033,남,Chicago,2.6666666666666665,113.43,9,12.603333333333333,302.47999999999996
USER_0822,여,California,2.0,1015.0,5,203.0,2030.0
USER_1014,여,New York,0.5833333333333334,10.5,1,10.5,6.125
USER_0723,여,Chicago,1.8333333333333333,522.8,6,87.13333333333333,958.4666666666665
USER_0573,남,California,0.16666666666666666,1380.59,29,47.60655172413793,230.0983333333333
USER_1077,남,Chicago,3.25,6750.3,105,64.28857142857143,21938.475000000002
USER_1288,여,California,2.1666666666666665,982.58,28,35.09214285714286,2128.923333333333
USER_0669,여,New Jersey,0.3333333333333333,2582.54,49,52.704897959183675,860.8466666666667
USER_0201,남,Chicago,3.75,789.99,7,112.85571428571428,2962.4624999999996
USER_0772,여,Chicago,3.3333333333333335,6809.85,157,43.37484076433121,22699.5
USER_1455,여,New Jersey,3.3333333333333335,842.67,22,38.30318181818182,2808.9
USER_1417,여,California,2.0833333333333335,80.61000000000001,5,16.122000000000003,167.93750000000006
USER_0018,남,Chicago,2.4166666666666665,1557.3,47,33.13404255319149,3763.475
USER_0048,여,Chicago,3.0,10.63,1,10.63,31.89
USER_1230,남,Chicago,0.6666666666666666,1971.6100000000001,42,46.94309523809524,1314.4066666666668
USER_0474,여,California,2.5833333333333335,721.62,31,23.27806451612903,1864.1850000000002
USER_0833,여,Chicago,1.3333333333333333,10006.6,175,57.18057142857143,13342.133333333335
USER_0272,남,California,3.5833333333333335,3.99,1,3.99,14.297500000000001
USER_1302,여,Chicago,2.6666666666666665,1829.15,74,24.718243243243244,4877.733333333333
USER_1046,여,New York,0.3333333333333333,564.09,29,19.45137931034483,188.03
USER_0993,남,New Jersey,2.4166666666666665,10.63,1,10.63,25.68916666666667
USER_1467,여,New Jersey,3.0,5658.0,102,55.470588235294116,16974.0
USER_0113,남,Washington DC,0.4166666666666667,2154.93,43,50.11465116279069,897.8874999999999
USER_0350,남,New York,1.1666666666666667,2694.57,69,39.05173913043478,3143.665
USER_0328,남,Chicago,3.6666666666666665,886.39,31,28.593225806451613,3250.096666666667
USER_0016,여,New Jersey,1.25,1303.01,26,50.11576923076923,1628.7624999999998
USER_0486,남,Chicago,2.25,1209.98,23,52.60782608695652,2722.455
USER_0257,여,California,3.5833333333333335,4732.16,78,60.66871794871795,16956.90666666667
USER_0862,남,Chicago,1.8333333333333333,448.81,13,34.52384615384615,822.8183333333333
USER_0921,여,Chicago,1.3333333333333333,19.69,2,9.845,26.253333333333334
USER_0237,여,Chicago,4.166666666666667,742.7,37,20.072972972972973,3094.5833333333335
USER_1027,여,California,1.6666666666666667,1686.96,26,64.88307692307693,2811.6000000000004
USER_0626,여,New York,2.0833333333333335,281.47,5,56.294000000000004,586.3958333333334
USER_0055,남,California,2.4166666666666665,442.49,13,34.03769230769231,1069.3508333333332
USER_1019,여,California,0.8333333333333334,556.84,11,50.621818181818185,464.03333333333336
USER_1103,여,Chicago,1.9166666666666667,1351.05,48,28.146874999999998,2589.5125
USER_0999,여,Chicago,3.0,187.32,8,23.415,561.96
USER_0346,남,New York,1.6666666666666667,2.79,1,2.79,4.65
USER_0046,남,Chicago,0.6666666666666666,6095.31,160,38.095687500000004,4063.5400000000004
USER_0810,여,Chicago,3.3333333333333335,596.63,13,45.894615384615385,1988.7666666666667
USER_0688,남,New Jersey,1.3333333333333333,270.31,8,33.78875,360.4133333333333
USER_0042,남,California,0.16666666666666666,478.91999999999996,15,31.927999999999997,79.82
USER_1324,여,Chicago,0.3333333333333333,23.03,3,7.676666666666667,7.676666666666666
USER_1449,여,Chicago,2.4166666666666665,1333.74,27,49.397777777777776,3223.205
USER_0041,남,California,3.6666666666666665,2689.17,98,27.440510204081633,9860.29
USER_1446,여,New York,0.5,1266.16,35,36.176,633.08
USER_1203,여,New York,3.1666666666666665,3672.39,131,28.033511450381678,11629.234999999999
USER_0246,남,Chicago,2.5,1049.58,17,61.739999999999995,2623.95
USER_0637,남,Chicago,0.5,458.15999999999997,10,45.815999999999995,229.07999999999998
USER_0038,남,California,1.8333333333333333,1024.97,42,24.40404761904762,1879.1116666666667
USER_0580,남,New York,0.6666666666666666,1547.17,34,45.505,1031.4466666666667
USER_0316,남,California,2.3333333333333335,1019.07,39,26.130000000000003,2377.8300000000004
USER_0230,여,New York,1.1666666666666667,1928.14,40,48.203500000000005,2249.496666666667
USER_0236,여,New York,3.5,1355.27,20,67.7635,4743.445
USER_1162,남,California,2.9166666666666665,568.1,17,33.41764705882353,1656.9583333333333
USER_0162,여,Chicago,1.5833333333333333,69.47,6,11.578333333333333,109.99416666666664
USER_0811,여,New York,0.3333333333333333,95.99,3,31.996666666666666,31.996666666666663
USER_1165,남,California,1.5833333333333333,1345.49,29,46.396206896551725,2130.3591666666666
USER_0674,여,Chicago,1.6666666666666667,1509.19,30,50.306333333333335,2515.316666666667
USER_0970,남,Washington DC,0.5,1530.48,43,35.59255813953489,765.2400000000001
USER_1168,여,New York,3.9166666666666665,401.84000000000003,14,28.702857142857145,1573.8733333333334
USER_0606,여,California,1.4166666666666667,72.34,7,10.334285714285715,102.48166666666668
USER_1280,여,Chicago,2.25,1749.16,49,35.69714285714286,3935.61
USER_0083,남,New York,3.6666666666666665,334.3,9,37.144444444444446,1225.7666666666664
USER_1066,남,New Jersey,3.5,1960.92,47,41.721702127659576,6863.22
USER_1090,여,California,3.8333333333333335,522.41,18,29.022777777777776,2002.5716666666665
USER_1345,여,Chicago,1.0,113.02,12,9.418333333333333,113.02
USER_1070,남,Chicago,3.4166666666666665,614.04,19,32.317894736842106,2097.9700000000003
USER_0605,여,New Jersey,4.166666666666667,1926.16,27,71.33925925925926,8025.666666666667
USER_1017,여,New Jersey,1.4166666666666667,836.97,33,25.362727272727273,1185.7075
USER_0310,여,New Jersey,0.6666666666666666,832.88,13,64.06769230769231,555.2533333333333
USER_0848,남,New Jersey,2.5833333333333335,784.77,22,35.67136363636364,2027.3225000000002
USER_1409,여,Chicago,3.0833333333333335,35.95,5,7.19,110.84583333333335
USER_0285,남,California,1.0,1397.65,48,29.117708333333336,1397.65
USER_0617,여,New York,2.5833333333333335,490.66,9,54.51777777777778,1267.5383333333334
USER_0056,남,Chicago,1.0833333333333333,13755.71,187,73.55994652406417,14902.019166666667
USER_0045,여,Washington DC,3.8333333333333335,65.75999999999999,5,13.151999999999997,252.07999999999996
USER_1443,남,New York,1.75,1199.01,15,79.934,2098.2675
USER_0962,여,Chicago,3.3333333333333335,92.59,2,46.295,308.6333333333334
USER_0052,여,Washington DC,1.6666666666666667,339.78,16,21.23625,566.3
USER_1348,남,California,2.9166666666666665,8572.18,121,70.84446280991736,25002.191666666666
USER_1094,남,California,1.8333333333333333,981.06,19,51.63473684210526,1798.61
USER_0488,여,Washington DC,2.0,1051.42,29,36.25586206896552,2102.84
USER_0739,남,Chicago,3.75,1347.77,29,46.4748275862069,5054.137500000001
USER_1357,남,California,0.6666666666666666,338.28999999999996,8,42.286249999999995,225.52666666666664
USER_0331,여,New Jersey,3.75,209.76,6,34.96,786.5999999999999
USER_0463,남,Chicago,2.4166666666666665,1166.8,23,50.7304347826087,2819.7666666666664
USER_0211,여,California,1.6666666666666667,977.13,23,42.48391304347826,1628.55
USER_1003,여,California,1.3333333333333333,707.48,27,26.202962962962964,943.3066666666667
USER_0965,여,Chicago,1.0,1178.43,35,33.669428571428575,1178.43
USER_0727,여,California,3.0,2176.3,55,39.56909090909091,6528.900000000001
USER_0114,여,New York,0.25,25.380000000000003,4,6.345000000000001,6.345000000000001
USER_0289,여,New York,0.4166666666666667,203.95999999999998,13,15.689230769230768,84.98333333333333
USER_0487,여,Chicago,2.4166666666666665,1880.36,34,55.30470588235294,4544.203333333334
USER_0012,여,Chicago,3.25,1235.21,22,56.14590909090909,4014.4325
USER_1333,여,Chicago,2.9166666666666665,597.26,13,45.94307692307692,1742.0083333333332
USER_0974,여,New York,1.6666666666666667,249.31,8,31.16375,415.5166666666667
USER_0072,여,California,0.8333333333333334,572.3299999999999,9,63.59222222222221,476.9416666666666
USER_0224,남,California,3.1666666666666665,31.99,3,10.663333333333332,101.30166666666665
USER_0743,여,California,1.25,288.09,17,16.946470588235293,360.11249999999995
USER_0754,여,New York,3.1666666666666665,67.15,8,8.39375,212.64166666666668
USER_0079,남,New York,4.0,60.79,2,30.395,243.16
USER_0481,여,Chicago,0.5833333333333334,201.8,2,100.9,117.71666666666668
USER_0909,여,New York,2.1666666666666665,38.519999999999996,9,4.279999999999999,83.45999999999998
USER_1229,여,New York,0.9166666666666666,2976.68,79,37.679493670886075,2728.6233333333334
USER_0701,여,Washington DC,0.9166666666666666,894.56,10,89.45599999999999,820.0133333333332
USER_0579,여,New York,3.25,3882.83,110,35.29845454545455,12619.1975
USER_1426,여,Chicago,1.1666666666666667,383.8,21,18.276190476190475,447.76666666666665
USER_0785,여,New Jersey,0.5833333333333334,2585.75,67,38.593283582089555,1508.3541666666667
USER_0838,여,Chicago,3.6666666666666665,396.5,5,79.3,1453.8333333333333
USER_0455,여,California,2.4166666666666665,840.76,16,52.5475,2031.8366666666666
USER_0798,남,California,2.6666666666666665,37.99,7,5.427142857142857,101.30666666666667
USER_0110,여,California,0.4166666666666667,441.65,13,33.973076923076924,184.02083333333334
USER_1283,여,California,3.4166666666666665,1182.97,29,40.792068965517245,4041.814166666667
USER_0355,남,New York,2.5,280.68,6,46.78,701.7
USER_0106,남,California,1.5833333333333333,408.36,11,37.123636363636365,646.57
USER_0375,남,California,2.6666666666666665,2392.7,29,82.50689655172413,6380.533333333332
USER_1082,여,Chicago,0.5833333333333334,2425.72,53,45.76830188679245,1415.0033333333333
USER_0951,남,California,2.8333333333333335,719.47,9,79.94111111111111,2038.4983333333334
USER_0476,남,New York,0.5,821.52,29,28.328275862068963,410.76
USER_0087,여,Chicago,0.8333333333333334,20.4,4,5.1,17.0
USER_0051,여,Chicago,2.9166666666666665,147.46,7,21.065714285714286,430.09166666666664
USER_1040,남,Chicago,3.3333333333333335,1055.47,39,27.063333333333333,3518.233333333333
USER_0976,여,New York,4.083333333333333,62.06999999999999,5,12.413999999999998,253.45249999999993
USER_1022,여,Chicago,0.3333333333333333,110.97999999999999,2,55.489999999999995,36.993333333333325
USER_0005,남,New York,3.4166666666666665,235.41,16,14.713125,804.3175
USER_0884,여,California,0.9166666666666666,724.13,18,40.22944444444445,663.7858333333334
USER_0558,여,Chicago,2.5,5684.11,118,48.17042372881355,14210.274999999998
USER_0593,여,New Jersey,0.16666666666666666,478.35,13,36.79615384615385,79.725
USER_0448,여,California,1.5833333333333333,24.8,3,8.266666666666667,39.26666666666667
USER_0028,여,New Jersey,4.166666666666667,1373.41,18,76.30055555555556,5722.541666666668
USER_0410,여,New York,0.8333333333333334,5216.41,67,77.85686567164178,4347.008333333333
USER_0084,남,New York,1.75,2009.04,51,39.392941176470586,3515.82
USER_0538,여,Chicago,2.4166666666666665,518.25,26,19.932692307692307,1252.4375
USER_0696,여,New Jersey,4.0,90.53999999999999,7,12.934285714285712,362.15999999999997
USER_0444,남,California,2.4166666666666665,439.32,18,24.406666666666666,1061.6899999999998
USER_1148,여,Chicago,3.25,927.4200000000001,16,57.963750000000005,3014.1150000000002
USER_1228,남,New York,3.25,1030.64,52,19.82,3349.5800000000004
USER_0258,여,Chicago,1.1666666666666667,753.53,14,53.82357142857143,879.1183333333333
USER_1005,남,New Jersey,0.5,9.6,1,9.6,4.8
USER_0166,여,New York,1.5,697.01,20,34.8505,1045.5149999999999
USER_0859,여,New York,3.8333333333333335,600.04,15,40.00266666666666,2300.153333333333
USER_1447,남,California,0.6666666666666666,403.39,10,40.339,268.9266666666666
USER_0401,남,Chicago,4.083333333333333,253.34,18,14.074444444444445,1034.4716666666668
USER_0432,남,California,1.5,719.2,11,65.38181818181819,1078.8000000000002
USER_0767,여,California,2.8333333333333335,272.02,9,30.224444444444444,770.7233333333334
USER_0967,남,California,2.9166666666666665,187.76999999999998,14,13.412142857142856,547.6624999999999
USER_0652,남,Chicago,3.0,3666.7799999999997,74,49.55108108108108,11000.34
USER_0983,남,Washington DC,1.5,5068.34,60,84.47233333333334,7602.510000000001
USER_0781,여,New Jersey,1.25,19.19,1,19.19,23.9875
USER_0321,남,Chicago,1.6666666666666667,340.95,9,37.88333333333333,568.25
USER_0249,여,California,2.0833333333333335,1621.11,40,40.52775,3377.3125
USER_0826,남,New York,1.6666666666666667,3354.2,45,74.53777777777778,5590.333333333333
USER_1001,여,California,3.0833333333333335,27.49,6,4.581666666666666,84.76083333333332
USER_0043,여,New York,2.1666666666666665,1773.49,43,41.24395348837209,3842.5616666666665
USER_0090,여,California,3.5833333333333335,255.14999999999998,10,25.514999999999997,914.2874999999999
USER_0275,여,Chicago,2.1666666666666665,1155.03,35,33.00085714285714,2502.5649999999996
USER_0814,여,New Jersey,0.6666666666666666,754.59,20,37.7295,503.05999999999995
USER_0059,여,Chicago,0.6666666666666666,1029.3700000000001,39,26.394102564102567,686.2466666666667
USER_0710,남,Washington DC,3.4166666666666665,489.44,25,19.5776,1672.2533333333336
USER_0445,남,California,3.0833333333333335,858.65,21,40.88809523809524,2647.504166666667
USER_1429,여,California,4.083333333333333,1049.79,39,26.917692307692306,4286.6425
USER_0664,남,Chicago,0.8333333333333334,2007.36,64,31.365,1672.8
USER_0489,여,California,1.8333333333333333,2797.32,76,36.80684210526316,5128.419999999999
USER_0984,남,Chicago,3.3333333333333335,716.21,14,51.15785714285715,2387.366666666667
USER_0945,여,California,2.3333333333333335,812.17,25,32.486799999999995,1895.0633333333333
USER_0354,남,New Jersey,1.4166666666666667,2336.94,36,64.915,3310.665000000001
USER_0157,남,California,3.75,13.67,2,6.835,51.2625
USER_1031,여,Chicago,0.3333333333333333,1.59,1,1.59,0.53
USER_0335,남,Chicago,3.5,835.46,26,32.13307692307693,2924.11
USER_0194,남,New Jersey,1.25,167.95,9,18.66111111111111,209.9375
USER_0191,남,Chicago,3.75,1042.26,40,26.0565,3908.4749999999995
USER_1419,여,Chicago,0.8333333333333334,3300.27,77,42.86064935064935,2750.2250000000004
USER_0325,남,Chicago,1.75,536.07,38,14.107105263157896,938.1225000000002
USER_1093,남,New York,2.5833333333333335,789.87,19,41.572105263157894,2040.4975000000002
USER_1151,남,Chicago,0.5833333333333334,1003.03,23,43.61,585.1008333333334
USER_1294,남,New York,1.75,2874.69,100,28.7469,5030.7074999999995
USER_0824,남,New York,2.0,1267.36,53,23.912452830188677,2534.72
USER_0077,여,California,2.5,2950.94,67,44.043880597014926,7377.349999999999
USER_0651,남,New Jersey,1.4166666666666667,789.91,16,49.369375,1119.0391666666667
USER_0011,남,Chicago,2.5833333333333335,560.03,19,29.475263157894734,1446.7441666666666
USER_0302,여,California,3.6666666666666665,31.56,5,6.311999999999999,115.72
USER_0829,남,Chicago,1.0,3008.47,48,62.67645833333333,3008.47
USER_0738,여,California,2.3333333333333335,44.0,1,44.0,102.66666666666667
USER_0091,남,California,0.3333333333333333,1516.73,23,65.94478260869565,505.5766666666666
USER_0731,남,California,3.3333333333333335,2967.58,61,48.64885245901639,9891.933333333332
USER_1401,여,Chicago,3.75,1159.34,13,89.17999999999999,4347.525
USER_0134,남,California,2.0,284.95,11,25.904545454545453,569.9
USER_0178,여,Chicago,3.75,1956.12,36,54.336666666666666,7335.45
USER_0429,남,California,2.0833333333333335,106.98,3,35.660000000000004,222.87500000000006
USER_0467,남,New York,1.75,587.47,8,73.43375,1028.0725
USER_1329,여,Chicago,2.5,313.74,18,17.43,784.35
USER_0389,여,Washington DC,1.75,39.97,3,13.323333333333332,69.94749999999999
USER_0574,남,Chicago,0.16666666666666666,3148.2,62,50.777419354838706,524.6999999999999
USER_0374,남,New York,3.75,1765.95,28,63.06964285714286,6622.3125
USER_1451,여,California,3.0833333333333335,1261.32,43,29.333023255813952,3889.07
USER_0479,남,New Jersey,1.8333333333333333,265.2,3,88.39999999999999,486.19999999999993
USER_0382,남,California,3.0,3.5,1,3.5,10.5
USER_1458,여,New Jersey,0.16666666666666666,1.99,1,1.99,0.33166666666666667
USER_1139,남,Chicago,2.1666666666666665,499.77,6,83.295,1082.835
USER_0469,여,Chicago,2.1666666666666665,676.74,8,84.5925,1466.27
USER_0004,여,Chicago,2.5833333333333335,1244.83,36,34.57861111111111,3215.810833333333
USER_0000,여,New York,2.5833333333333335,25.49,2,12.745,65.84916666666666
USER_0385,여,New Jersey,1.9166666666666667,43.6,12,3.6333333333333333,83.56666666666668
USER_1125,여,Chicago,0.16666666666666666,249.89,5,49.977999999999994,41.648333333333326
USER_1135,여,New Jersey,2.9166666666666665,325.64,8,40.705,949.7833333333332
USER_0053,여,Chicago,2.0833333333333335,91.57,10,9.157,190.77083333333334
USER_0761,남,Chicago,0.3333333333333333,580.48,7,82.92571428571429,193.49333333333334
USER_0049,여,California,2.0833333333333335,990.59,29,34.15827586206897,2063.729166666667
USER_0333,남,Chicago,0.25,17.169999999999998,4,4.2924999999999995,4.2924999999999995
USER_0252,남,New Jersey,1.3333333333333333,1322.98,39,33.9225641025641,1763.9733333333334
USER_0511,여,Chicago,1.9166666666666667,786.89,24,32.787083333333335,1508.2058333333334
USER_0030,남,Washington DC,4.083333333333333,4992.28,101,49.42851485148515,20385.14333333333
USER_0021,남,Chicago,4.166666666666667,586.32,13,45.10153846153847,2443.0000000000005
USER_1325,남,New York,3.6666666666666665,1129.79,26,43.45346153846154,4142.5633333333335
USER_0426,여,California,2.6666666666666665,13.2,1,13.2,35.199999999999996
USER_0809,여,Washington DC,1.25,473.85,10,47.385000000000005,592.3125
USER_0857,여,California,3.25,535.74,18,29.763333333333335,1741.155
USER_0263,남,New Jersey,1.25,1125.8,29,38.820689655172416,1407.2500000000002
USER_0645,여,Chicago,3.5,1670.93,15,111.39533333333334,5848.255
USER_1292,남,Chicago,3.3333333333333335,9376.1,103,91.03009708737865,31253.66666666667
USER_0554,여,California,3.5833333333333335,4054.62,58,69.90724137931035,14529.055000000002
USER_0298,여,California,2.6666666666666665,93.77,4,23.4425,250.0533333333333
USER_0616,여,New Jersey,2.0833333333333335,206.98000000000002,4,51.745000000000005,431.2083333333334
USER_0883,여,Chicago,2.8333333333333335,945.0,5,189.0,2677.5
USER_0078,여,California,1.0833333333333333,2868.29,75,38.24386666666667,3107.3141666666666
USER_1247,남,Chicago,2.1666666666666665,766.71,12,63.892500000000005,1661.205
USER_0614,남,Chicago,1.4166666666666667,1752.08,35,50.05942857142857,2482.1133333333337
USER_0969,남,New York,1.5,14.879999999999999,4,3.7199999999999998,22.32
USER_0722,여,California,3.3333333333333335,830.18,10,83.018,2767.266666666667
USER_1364,여,Chicago,1.4166666666666667,868.12,11,78.92,1229.8366666666668
USER_1105,남,Chicago,1.3333333333333333,10.39,1,10.39,13.853333333333333
USER_0014,여,California,1.8333333333333333,519.81,11,47.25545454545454,952.9849999999999
USER_1339,여,New York,2.75,1649.84,22,74.99272727272727,4537.0599999999995
USER_0764,남,California,0.5,344.48,6,57.413333333333334,172.24
USER_0609,남,New York,3.25,623.13,17,36.65470588235294,2025.1725
USER_1113,여,Washington DC,1.3333333333333333,565.5699999999999,13,43.505384615384614,754.0933333333332
USER_0697,남,Chicago,2.8333333333333335,63.910000000000004,11,5.8100000000000005,181.07833333333338
USER_0638,남,California,3.5,8.99,3,2.9966666666666666,31.465
USER_0070,여,California,1.0833333333333333,262.21,12,21.85083333333333,284.0608333333333
USER_1265,여,Chicago,0.75,1468.06,27,54.37259259259259,1101.045
USER_0981,여,California,1.6666666666666667,27.97,4,6.9925,46.61666666666667
USER_0086,남,Chicago,1.1666666666666667,765.99,5,153.198,893.6550000000001
USER_1036,여,New York,0.9166666666666666,3149.95,35,89.99857142857142,2887.4541666666664
USER_1202,여,California,2.5833333333333335,2012.04,52,38.69307692307692,5197.77
USER_0425,남,Washington DC,3.25,6503.55,93,69.93064516129033,21136.537500000002
USER_1161,남,Chicago,2.9166666666666665,582.92,15,38.86133333333333,1700.183333333333
USER_0586,여,California,1.3333333333333333,2983.14,28,106.54071428571429,3977.5199999999995
USER_0171,여,California,0.16666666666666666,280.09000000000003,8,35.011250000000004,46.68166666666667
USER_1373,여,New Jersey,3.3333333333333335,983.54,12,81.96166666666666,3278.4666666666662
USER_1304,여,Chicago,0.4166666666666667,13.59,1,13.59,5.6625000000000005
USER_1326,여,New York,0.5,507.08000000000004,10,50.708000000000006,253.54000000000002
USER_0155,여,New York,0.16666666666666666,2558.31,40,63.95775,426.38499999999993
USER_1338,남,New York,2.6666666666666665,1994.58,34,58.66411764705882,5318.88
USER_0521,여,New York,2.4166666666666665,640.92,11,58.26545454545454,1548.8899999999996
USER_0919,남,California,1.25,1499.48,28,53.55285714285714,1874.3500000000001
USER_0329,여,Chicago,0.6666666666666666,3563.96,62,57.483225806451614,2375.9733333333334
USER_0695,남,California,0.16666666666666666,2023.1299999999999,41,49.34463414634146,337.1883333333333
USER_0766,남,Chicago,2.25,2376.7,51,46.601960784313725,5347.575
USER_0462,여,Chicago,0.25,2589.9,40,64.7475,647.475
USER_0343,여,California,0.5,5189.97,96,54.0621875,2594.985
USER_1310,여,Chicago,1.0,6722.48,44,152.78363636363636,6722.48
USER_0109,남,Chicago,0.5,905.25,12,75.4375,452.625
USER_0419,남,California,2.6666666666666665,771.09,24,32.128750000000004,2056.2400000000002
USER_0196,여,California,3.9166666666666665,1.0,1,1.0,3.9166666666666665
USER_0494,여,New York,0.3333333333333333,1404.99,8,175.62375,468.33
USER_0777,여,New Jersey,0.16666666666666666,1352.77,11,122.97909090909091,225.46166666666667
USER_0061,여,California,2.0833333333333335,1849.66,22,84.07545454545455,3853.458333333334
USER_0364,여,California,0.5833333333333334,2330.43,24,97.10125,1359.4175
USER_0534,여,Chicago,1.6666666666666667,816.0,4,204.0,1360.0
USER_0615,남,California,1.0,132.75,6,22.125,132.75
USER_1363,여,Chicago,3.0833333333333335,578.58,8,72.3225,1783.9550000000002
USER_0514,여,New York,4.0,1927.53,32,60.2353125,7710.12
USER_1441,여,California,3.9166666666666665,729.38,15,48.62533333333333,2856.7383333333332
USER_0853,여,New Jersey,0.6666666666666666,1097.54,17,64.56117647058824,731.6933333333333
USER_1436,남,Chicago,2.3333333333333335,1079.1,18,59.949999999999996,2517.8999999999996
USER_1043,여,New Jersey,0.25,15.59,4,3.8975,3.8975
USER_0099,여,Chicago,0.3333333333333333,952.97,9,105.88555555555556,317.65666666666664
USER_0076,남,New Jersey,2.1666666666666665,3925.35,58,67.67844827586207,8504.925
USER_0277,남,Chicago,2.0833333333333335,1459.02,16,91.18875,3039.625
USER_0161,여,New York,1.9166666666666667,553.11,27,20.485555555555557,1060.1275
USER_1065,여,Washington DC,0.75,1068.65,14,76.33214285714287,801.4875000000002
USER_0546,여,California,2.0,6765.32,75,90.20426666666667,13530.640000000001
USER_0307,여,Chicago,3.8333333333333335,762.19,4,190.5475,2921.7283333333335
USER_0020,여,California,3.1666666666666665,1323.58,11,120.32545454545453,4191.336666666666
USER_0847,여,California,2.25,199.0,1,199.0,447.75
USER_0671,여,Chicago,2.75,1745.68,30,58.18933333333334,4800.62
USER_0435,여,New York,4.166666666666667,5582.17,67,83.31597014925373,23259.041666666668
USER_0714,여,California,2.1666666666666665,695.0,5,139.0,1505.833333333333
USER_0322,여,California,0.9166666666666666,1195.26,24,49.8025,1095.655
USER_0386,여,California,0.8333333333333334,497.96,11,45.269090909090906,414.9666666666667
USER_0228,여,New York,3.9166666666666665,1312.82,19,69.0957894736842,5141.878333333332
USER_0473,여,Chicago,3.1666666666666665,2630.97,39,67.46076923076923,8331.404999999999
USER_0712,남,New York,0.9166666666666666,1634.8,28,58.385714285714286,1498.5666666666666
USER_0686,여,New Jersey,0.6666666666666666,615.5600000000001,9,68.39555555555556,410.37333333333333
USER_0544,남,California,1.1666666666666667,3566.55,29,122.9844827586207,4160.975
USER_0891,여,New York,1.0,2073.53,35,59.24371428571429,2073.53
USER_1074,여,Chicago,1.8333333333333333,573.0799999999999,7,81.86857142857141,1050.6466666666665
USER_0143,남,New York,3.5,3192.95,36,88.69305555555555,11175.324999999997
USER_0362,여,California,2.75,5523.22,53,104.21169811320755,15188.855
USER_1405,여,California,2.0833333333333335,394.15999999999997,12,32.846666666666664,821.1666666666667
USER_1466,여,Chicago,3.9166666666666665,149.0,1,149.0,583.5833333333333
USER_0497,남,Washington DC,3.1666666666666665,18.47,6,3.078333333333333,58.48833333333333
USER_0336,여,Chicago,1.5,119.0,1,119.0,178.5
USER_0742,여,Chicago,3.9166666666666665,4243.06,41,103.48926829268294,16618.65166666667
USER_0116,남,New York,1.3333333333333333,4584.38,56,81.86392857142857,6112.506666666666
USER_0949,여,New York,3.75,8603.14,137,62.79664233576642,32261.775
USER_0491,여,Chicago,0.25,978.36,24,40.765,244.59
USER_0232,여,Chicago,2.0,2368.43,76,31.163552631578945,4736.86
USER_1123,남,Washington DC,2.8333333333333335,896.52,21,42.691428571428574,2540.1400000000003
USER_1268,여,California,3.6666666666666665,1104.01,31,35.61322580645161,4048.036666666666
USER_1157,여,California,2.5,321.41,24,13.392083333333334,803.5250000000001
USER_0471,남,Chicago,2.8333333333333335,114.25,8,14.28125,323.70833333333337
USER_0074,여,Chicago,0.25,320.45,16,20.028125,80.1125
USER_0179,여,Washington DC,3.6666666666666665,544.89,7,77.84142857142857,1997.9299999999998
USER_0929,여,New Jersey,1.8333333333333333,530.17,13,40.78230769230769,971.9783333333332
USER_0192,남,New York,0.25,196.77,7,28.110000000000003,49.1925
USER_0549,여,California,4.0,164.99,2,82.495,659.96
USER_0280,여,New York,0.5833333333333334,201.36,6,33.56,117.46000000000001
USER_0414,남,Chicago,3.75,7769.63,115,67.562,29136.1125
USER_0912,여,California,1.5833333333333333,849.96,17,49.99764705882353,1345.77
USER_0852,여,Chicago,2.6666666666666665,348.0,2,174.0,928.0
USER_0368,여,California,0.4166666666666667,386.45,9,42.93888888888889,161.02083333333334
USER_1166,여,New Jersey,4.083333333333333,875.08,10,87.50800000000001,3573.243333333334
USER_0565,여,New York,2.75,119.0,1,119.0,327.25
USER_0464,여,New Jersey,0.16666666666666666,1463.1899999999998,15,97.54599999999999,243.86499999999998
USER_1155,여,California,2.0,297.28000000000003,18,16.515555555555558,594.5600000000001
USER_1056,남,New Jersey,3.1666666666666665,7382.06,93,79.37698924731183,23376.52333333333
USER_0208,여,California,0.4166666666666667,1808.19,21,86.10428571428572,753.4125
USER_1143,여,California,2.6666666666666665,2871.1,43,66.76976744186047,7656.266666666666
USER_0069,여,California,2.0833333333333335,2770.3,26,106.55000000000001,5771.458333333335
USER_1340,여,California,0.75,784.74,28,28.02642857142857,588.5550000000001
USER_0927,여,New York,2.8333333333333335,668.96,16,41.81,1895.3866666666668
USER_0989,여,Chicago,3.75,4643.38,48,96.73708333333333,17412.675
USER_0347,남,New York,0.5833333333333334,402.73,8,50.34125,234.92583333333337
USER_0717,남,Washington DC,3.5,1066.78,16,66.67375,3733.73
USER_0176,여,California,3.75,453.12,18,25.173333333333332,1699.1999999999998
USER_0711,여,California,1.25,124.59,2,62.295,155.7375
USER_1115,남,Washington DC,3.9166666666666665,1225.8700000000001,31,39.5441935483871,4801.324166666666
USER_1100,남,Chicago,2.3333333333333335,119.0,1,119.0,277.6666666666667
USER_0517,여,California,3.6666666666666665,2379.67,32,74.3646875,8725.456666666667
USER_1002,남,California,1.3333333333333333,4089.16,41,99.73560975609756,5452.213333333333
USER_0123,여,Chicago,2.0833333333333335,4220.94,45,93.79866666666666,8793.625
USER_1211,여,California,0.5,3216.99,24,134.04125,1608.495
USER_0878,여,California,0.6666666666666666,3599.41,42,85.70023809523809,2399.6066666666666
USER_1126,남,New York,3.6666666666666665,465.99,5,93.19800000000001,1708.63
USER_0650,여,New York,3.8333333333333335,483.88,5,96.776,1854.8733333333334
USER_0588,남,Chicago,3.5833333333333335,5674.11,57,99.54578947368421,20332.2275
USER_0080,여,New Jersey,4.166666666666667,1045.0,16,65.3125,4354.166666666667
USER_0032,여,California,0.75,866.66,12,72.22166666666666,649.995
USER_1075,남,Washington DC,2.4166666666666665,3663.69,50,73.2738,8853.917499999998
USER_0600,남,Chicago,1.0833333333333333,1400.98,11,127.36181818181818,1517.7283333333332
USER_1275,여,New York,3.0833333333333335,186.47,8,23.30875,574.9491666666667
USER_0468,여,California,3.8333333333333335,87.47,9,9.71888888888889,335.3016666666667
USER_1435,여,Chicago,0.25,6580.3,83,79.28072289156627,1645.075
USER_0269,남,Chicago,1.5,1554.56,17,91.44470588235293,2331.8399999999997
USER_0794,여,Chicago,0.4166666666666667,5738.18,62,92.55129032258066,2390.9083333333338
USER_0868,여,California,1.4166666666666667,1017.63,9,113.07,1441.6425
USER_0576,남,California,3.0,2468.14,24,102.83916666666666,7404.42
USER_1174,여,Chicago,2.9166666666666665,3187.36,55,57.952000000000005,9296.466666666667
USER_0672,남,Chicago,1.0,2321.83,22,105.53772727272727,2321.83
USER_0063,여,California,4.0,494.31,11,44.93727272727273,1977.24
USER_0271,여,New York,3.9166666666666665,1205.4,13,92.72307692307693,4721.150000000001
USER_0308,여,New York,4.166666666666667,226.25,8,28.28125,942.7083333333334
USER_0142,남,New York,0.9166666666666666,954.63,23,41.50565217391304,875.0774999999999
USER_0305,남,New York,2.6666666666666665,17.57,3,5.8566666666666665,46.85333333333333
USER_1073,여,California,2.75,1086.62,16,67.91375,2988.205
USER_0436,여,Chicago,2.6666666666666665,1212.42,17,71.31882352941177,3233.12
USER_1011,남,New York,0.5,1790.07,26,68.84884615384615,895.035
USER_0575,여,New York,3.5,3677.04,50,73.5408,12869.640000000001
USER_0223,여,Chicago,2.0833333333333335,2479.9,32,77.496875,5166.458333333334
USER_0752,남,Chicago,2.5,1573.17,12,131.0975,3932.9249999999997
USER_0338,여,Chicago,2.3333333333333335,2722.39,32,85.0746875,6352.243333333334
USER_0339,여,New York,1.8333333333333333,1558.6100000000001,31,50.277741935483874,2857.4516666666664
USER_1216,여,Chicago,0.75,1573.52,16,98.345,1180.1399999999999
USER_0621,남,New York,1.6666666666666667,2309.2599999999998,19,121.53999999999999,3848.7666666666664
USER_1107,남,New Jersey,4.083333333333333,3235.42,30,107.84733333333334,13211.298333333334
USER_0801,여,California,1.75,2761.76,26,106.22153846153847,4833.080000000001
USER_0561,여,New York,2.75,536.99,5,107.398,1476.7224999999999
USER_0229,여,Chicago,0.3333333333333333,447.74,8,55.9675,149.24666666666667
USER_0762,남,Chicago,2.25,5727.68,48,119.32666666666667,12887.28
USER_1252,남,Chicago,0.5833333333333334,4339.56,43,100.92000000000002,2531.4100000000003
USER_1261,여,New York,2.25,8325.45,94,88.56861702127661,18732.262500000004
USER_0535,남,Chicago,1.8333333333333333,3320.67,45,73.79266666666666,6087.8949999999995
USER_0054,여,New York,3.5833333333333335,3064.43,31,98.85258064516128,10980.874166666666
USER_0768,남,New York,2.0,3666.78,28,130.95642857142857,7333.56
USER_1212,남,Washington DC,2.0,2533.4,26,97.43846153846154,5066.8
USER_1233,남,New Jersey,0.9166666666666666,1379.3,17,81.13529411764705,1264.3583333333331
USER_1439,여,Chicago,3.0,2413.46,42,57.46333333333333,7240.379999999999
USER_0526,여,Chicago,2.8333333333333335,1176.6,15,78.44,3333.7
USER_0152,남,Washington DC,2.6666666666666665,228.0,2,114.0,608.0
USER_0689,여,Chicago,2.9166666666666665,1053.6100000000001,19,55.45315789473685,3073.0291666666667
USER_0611,여,New York,3.5,2030.13,22,92.27863636363637,7105.455000000001
USER_0986,여,California,2.1666666666666665,237.12,10,23.712,513.76
USER_0988,남,California,4.0,964.1700000000001,20,48.2085,3856.6800000000003
USER_1298,여,New York,2.5,4392.15,77,57.04090909090909,10980.375
USER_0126,여,Chicago,3.5,526.34,9,58.48222222222223,1842.19
USER_1199,여,New York,3.5833333333333335,806.3499999999999,12,67.19583333333333,2889.420833333333
USER_1293,여,California,2.3333333333333335,3177.0899999999997,27,117.66999999999999,7413.21
USER_0404,여,New Jersey,0.25,294.12,7,42.01714285714286,73.53
USER_0318,여,California,1.0833333333333333,2104.86,19,110.7821052631579,2280.265
USER_0673,남,New Jersey,0.6666666666666666,3779.23,61,61.95459016393443,2519.4866666666667
USER_1171,여,Chicago,2.0,791.52,18,43.97333333333333,1583.04
USER_0381,여,Chicago,1.8333333333333333,798.77,13,61.44384615384615,1464.4116666666666
USER_1035,여,California,1.4166666666666667,2556.82,18,142.04555555555555,3622.1616666666664
USER_0569,여,Chicago,3.8333333333333335,379.78999999999996,5,75.958,1455.8616666666667
USER_1225,여,Chicago,0.6666666666666666,1784.62,19,93.92736842105262,1189.7466666666664
USER_0037,여,California,0.8333333333333334,252.79,2,126.395,210.65833333333333
USER_0137,남,Chicago,0.5,2042.3799999999999,39,52.36871794871794,1021.1899999999999
USER_0390,남,Chicago,3.0,1330.76,13,102.36615384615385,3992.28
USER_1068,여,New York,2.4166666666666665,3853.1099999999997,58,66.43293103448275,9311.682499999997
USER_0319,여,California,2.3333333333333335,241.57,3,80.52333333333333,563.6633333333334
USER_0294,남,California,2.75,856.16,18,47.56444444444444,2354.4399999999996
USER_0159,여,Chicago,2.1666666666666665,564.88,8,70.61,1223.9066666666665
USER_0991,여,California,4.166666666666667,912.97,17,53.70411764705882,3804.041666666667
USER_1145,여,New York,0.8333333333333334,1201.61,18,66.75611111111111,1001.3416666666667
USER_0706,남,California,1.5833333333333333,104.47,20,5.2235,165.41083333333333
USER_1008,여,New Jersey,1.5833333333333333,1696.26,31,54.71806451612903,2685.745
USER_0007,여,New York,1.9166666666666667,420.29999999999995,14,30.02142857142857,805.575
USER_1450,여,New Jersey,1.5,2377.74,23,103.38,3566.6099999999997
USER_0125,남,California,1.75,1142.54,13,87.8876923076923,1999.445
USER_0550,여,Chicago,1.8333333333333333,2642.57,56,47.188750000000006,4844.711666666667
USER_0894,여,California,1.0833333333333333,115.17999999999999,4,28.794999999999998,124.77833333333332
USER_0924,남,Chicago,2.4166666666666665,10286.78,115,89.45026086956523,24859.718333333334
USER_1235,여,New Jersey,2.8333333333333335,448.44,13,34.495384615384616,1270.58
USER_0213,여,New York,3.0,748.3199999999999,20,37.416,2244.96
USER_1057,여,California,3.6666666666666665,48.92,1,48.92,179.37333333333333
USER_0092,여,California,3.1666666666666665,1213.05,12,101.08749999999999,3841.325
USER_0885,여,California,2.6666666666666665,7.34,2,3.67,19.57333333333333
USER_0892,여,Chicago,3.25,397.95,4,99.4875,1293.3374999999999
USER_0577,여,Chicago,0.3333333333333333,1154.1599999999999,26,44.39076923076922,384.7199999999999
USER_0522,여,New Jersey,0.3333333333333333,66.66,4,16.665,22.22
USER_0804,여,California,0.9166666666666666,846.77,12,70.56416666666667,776.2058333333332
USER_0505,여,New York,1.4166666666666667,604.14,14,43.152857142857144,855.865
USER_1281,여,California,1.5833333333333333,206.89,4,51.7225,327.5758333333333
USER_0716,여,Chicago,3.0833333333333335,566.9,8,70.8625,1747.9416666666666
USER_0523,여,California,3.1666666666666665,273.18,2,136.59,865.0699999999999
USER_0937,여,New York,2.0,1551.54,18,86.19666666666666,3103.08
USER_0342,여,New York,0.16666666666666666,471.91999999999996,9,52.43555555555555,78.65333333333332
USER_0434,여,Chicago,1.4166666666666667,1570.08,20,78.50399999999999,2224.2799999999997
USER_0979,여,Chicago,0.3333333333333333,1009.9399999999999,10,100.994,336.64666666666665
USER_0384,여,New York,1.3333333333333333,748.92,10,74.892,998.56
USER_0365,남,Chicago,3.5,733.62,11,66.69272727272727,2567.6699999999996
USER_1461,남,Chicago,1.25,695.0,21,33.095238095238095,868.75
USER_0724,여,Chicago,3.0,771.12,18,42.84,2313.36
USER_0449,여,California,4.166666666666667,961.37,12,80.11416666666666,4005.708333333333
USER_1408,남,Chicago,3.0833333333333335,19.56,1,19.56,60.31
USER_0763,여,California,4.083333333333333,509.45,16,31.840625,2080.2541666666666
USER_1254,여,New York,3.5,627.91,5,125.582,2197.685
USER_0017,남,New York,3.5833333333333335,601.36,7,85.90857142857143,2154.873333333334
USER_0619,여,California,3.0833333333333335,850.11,6,141.685,2621.1725
USER_0175,여,California,3.9166666666666665,506.59999999999997,3,168.86666666666665,1984.1833333333332
USER_0003,남,California,2.0833333333333335,1312.4,17,77.2,2734.166666666667
USER_1132,여,California,0.5833333333333334,42.8,2,21.4,24.966666666666665
USER_1218,여,California,3.6666666666666665,18941.7,260,72.85269230769231,69452.90000000001
USER_0987,여,California,1.6666666666666667,33.89,3,11.296666666666667,56.483333333333334
USER_1154,여,Chicago,1.25,1091.82,17,64.22470588235294,1364.775
USER_0378,남,Chicago,2.0,353.86,7,50.55142857142857,707.72
USER_1227,여,California,3.8333333333333335,674.31,12,56.192499999999995,2584.855
USER_0276,남,Washington DC,0.5,1067.33,16,66.708125,533.665
USER_0047,여,California,1.9166666666666667,3571.62,31,115.21354838709676,6845.605
USER_0972,여,New York,3.4166666666666665,405.69,2,202.845,1386.1074999999998
USER_0907,여,New York,4.166666666666667,2358.5699999999997,29,81.32999999999998,9827.374999999998
USER_0411,남,California,4.083333333333333,5266.23,55,95.74963636363636,21503.772499999995
USER_0359,여,California,2.25,2213.99,33,67.09060606060605,4981.477499999999
USER_1309,남,California,3.25,3783.5099999999998,41,92.28073170731707,12296.407500000001
USER_0031,남,New York,2.1666666666666665,869.06,6,144.84333333333333,1882.9633333333331
USER_0314,여,California,3.9166666666666665,696.24,10,69.624,2726.9399999999996
USER_0545,여,New Jersey,1.0,1382.17,11,125.65181818181819,1382.17
USER_0306,남,New York,2.0,1023.78,11,93.07090909090908,2047.56
USER_0873,여,California,3.25,22.41,1,22.41,72.8325
USER_0532,남,California,3.5,1778.52,29,61.32827586206896,6224.82
USER_1266,여,California,2.0833333333333335,4733.98,45,105.19955555555555,9862.458333333334
USER_0240,여,Chicago,0.3333333333333333,1451.54,26,55.82846153846154,483.84666666666664
USER_1217,여,Washington DC,0.6666666666666666,1005.4599999999999,10,100.54599999999999,670.3066666666666
USER_0377,여,New York,1.4166666666666667,2302.35,23,100.10217391304347,3261.6625000000004
USER_1122,여,New Jersey,0.5833333333333334,1575.81,14,112.55785714285715,919.2225000000002
USER_0120,여,California,0.9166666666666666,3046.04,37,82.3254054054054,2792.203333333333
USER_0015,남,California,0.6666666666666666,1704.54,26,65.55923076923077,1136.36
USER_1385,남,California,0.3333333333333333,273.18,2,136.59,91.06
USER_0613,남,Chicago,2.1666666666666665,1954.03,18,108.55722222222222,4233.731666666667
USER_1269,여,California,1.6666666666666667,890.61,11,80.96454545454546,1484.3500000000004
USER_1188,여,Chicago,1.8333333333333333,1293.86,21,61.612380952380946,2372.0766666666664
USER_0220,남,California,3.0833333333333335,5555.78,48,115.74541666666666,17130.321666666667
USER_0341,여,Chicago,4.0,3873.04,41,94.46439024390244,15492.16
USER_0262,남,Chicago,1.1666666666666667,2955.13,34,86.91558823529412,3447.651666666667
USER_0141,여,New Jersey,2.25,2300.59,14,164.32785714285714,5176.327499999999
USER_0923,여,New York,4.166666666666667,404.66999999999996,3,134.89,1686.125
USER_1206,여,Chicago,1.1666666666666667,121.3,1,121.3,141.51666666666668
USER_0681,여,Chicago,1.4166666666666667,2193.09,23,95.3517391304348,3106.8775000000005
USER_0705,여,New Jersey,3.4166666666666665,141.67000000000002,3,47.223333333333336,484.0391666666667
USER_0387,남,Chicago,2.5,2178.26,25,87.13040000000001,5445.650000000001
USER_0451,남,Chicago,1.5833333333333333,2613.81,30,87.127,4138.532499999999
USER_0629,여,New Jersey,1.1666666666666667,163.07999999999998,2,81.53999999999999,190.26
USER_0315,남,Chicago,2.9166666666666665,2011.42,24,83.80916666666667,5866.641666666666
USER_1164,여,New Jersey,3.1666666666666665,4249.53,38,111.82973684210526,13456.845
USER_0513,여,New York,3.4166666666666665,245.5,9,27.27777777777778,838.7916666666667
USER_0167,여,Chicago,4.0,2009.28,19,105.75157894736842,8037.12
USER_0845,남,New Jersey,1.5833333333333333,332.69,5,66.538,526.7591666666666
USER_0504,여,New York,3.75,826.65,8,103.33125,3099.9375
USER_0562,여,California,0.5833333333333334,161.04,2,80.52,93.94
